Name,Certificate,Runtime,Genre,Rating,Metascore,Votes
Captain Marvel(2019),PG-13,124 min,"Action, Adventure, Sci-Fi",7.1,64,"128,085"
Alita: Battle Angel(2019),PG-13,122 min,"Action, Adventure, Romance",7.6,54,"71,896"
Spider-Man: Into the Spider-Verse(2018),PG,117 min,"Animation, Action, Adventure",8.6,87,"142,907"
Aquaman(2018),PG-13,143 min,"Action, Adventure, Fantasy",7.3,55,"191,868"
How to Train Your Dragon: The Hidden World(2019),PG,104 min,"Animation, Action, Adventure",7.9,71,"27,529"
Avengers: Infinity War(2018),PG-13,149 min,"Action, Adventure, Fantasy",8.5,68,"600,957"
Mortal Engines(2018),PG-13,128 min,"Action, Adventure, Fantasy",6.2,44,"49,864"
Black Panther(2018),PG-13,134 min,"Action, Adventure, Sci-Fi",7.3,88,"477,589"
Overlord(2018),R,110 min,"Action, Adventure, Horror",6.8,60,"44,088"
Polar(2019),,118 min,"Action, Crime, Drama",6.3,19,"45,655"
Deadpool 2(2018),R,119 min,"Action, Adventure, Comedy",7.8,66,"359,301"
Robin Hood(I) (2018),PG-13,116 min,"Action, Adventure, Thriller",5.3,32,"32,642"
The Fifth Element(1997),PG-13,126 min,"Action, Adventure, Sci-Fi",7.7,52,"397,840"
Suicide Squad(2016),PG-13,123 min,"Action, Adventure, Fantasy",6.1,40,"519,538"
Buffy the Vampire Slayer(1992),PG-13,86 min,"Action, Comedy, Fantasy",5.6,48,"36,616"
Skyscraper(2018),PG-13,102 min,"Action, Adventure, Thriller",5.8,51,"72,882"
Solo: A Star Wars Story(2018),PG-13,135 min,"Action, Adventure, Fantasy",7.0,62,"210,685"
Venom(2018),PG-13,112 min,"Action, Sci-Fi, Thriller",6.8,35,"245,133"
Incredibles 2(2018),PG,118 min,"Animation, Action, Adventure",7.7,80,"185,851"
Thor: Ragnarok(2017),PG-13,130 min,"Action, Adventure, Comedy",7.9,74,"441,525"
Wonder Woman(2017),PG-13,141 min,"Action, Adventure, Fantasy",7.5,76,"470,550"
Ocean's Eight(2018),PG-13,110 min,"Action, Comedy, Crime",6.2,61,"132,191"
Scott Pilgrim vs. the World(2010),PG-13,112 min,"Action, Comedy, Fantasy",7.5,69,"333,740"
Ready Player One(2018),PG-13,140 min,"Action, Adventure, Sci-Fi",7.5,64,"285,866"
Guardians of the Galaxy(2014),PG-13,121 min,"Action, Adventure, Comedy",8.1,76,"916,914"
Ant-Man and the Wasp(2018),PG-13,118 min,"Action, Adventure, Comedy",7.1,70,"206,320"
Hunter Killer(2018),R,122 min,"Action, Thriller",6.6,43,"27,822"
Independence Day: Resurgence(2016),PG-13,120 min,"Action, Adventure, Sci-Fi",5.2,32,"152,837"
Kong: Skull Island(2017),PG-13,118 min,"Action, Adventure, Fantasy",6.6,62,"229,255"
Jurassic World: Fallen Kingdom(2018),PG-13,128 min,"Action, Adventure, Sci-Fi",6.2,51,"202,842"
The Dark Knight(2008),PG-13,152 min,"Action, Crime, Drama",9.0,84,"2,029,210"
X-Men: Apocalypse(2016),PG-13,144 min,"Action, Adventure, Sci-Fi",7.0,52,"345,696"
Baywatch(2017),R,116 min,"Action, Comedy, Crime",5.6,37,"130,133"
Bumblebee(2018),PG-13,114 min,"Action, Adventure, Sci-Fi",7.1,66,"55,354"
Layer Cake(2004),R,105 min,"Action, Crime, Drama",7.3,73,"151,096"
Spider-Man: Homecoming(2017),PG-13,133 min,"Action, Adventure, Sci-Fi",7.5,73,"397,641"
Mission: Impossible - Fallout(2018),PG-13,147 min,"Action, Adventure, Thriller",7.8,86,"219,579"
Inception(2010),PG-13,148 min,"Action, Adventure, Sci-Fi",8.8,74,"1,808,333"
Justice League(2017),PG-13,120 min,"Action, Adventure, Fantasy",6.5,45,"316,762"
John Wick(2014),R,101 min,"Action, Crime, Thriller",7.3,68,"421,576"
Watchmen(2009),R,162 min,"Action, Drama, Mystery",7.6,56,"449,961"
Jumanji: Welcome to the Jungle(2017),PG-13,119 min,"Action, Adventure, Comedy",7.0,58,"233,088"
John Wick: Chapter 2(2017),R,122 min,"Action, Crime, Thriller",7.5,75,"263,820"
The Avengers(2012),PG-13,143 min,"Action, Adventure, Sci-Fi",8.1,69,"1,154,991"
How to Train Your Dragon(2010),PG,98 min,"Animation, Action, Adventure",8.1,74,"600,175"
Mad Max: Fury Road(2015),R,120 min,"Action, Adventure, Sci-Fi",8.1,90,"766,270"
Hellboy(2004),PG-13,122 min,"Action, Fantasy, Horror",6.9,72,"282,245"
The Mummy(1999),PG-13,124 min,"Action, Adventure, Fantasy",7.0,48,"363,335"
The Matrix(1999),R,136 min,"Action, Sci-Fi",8.7,73,"1,481,605"
Captain America: Civil War(2016),PG-13,147 min,"Action, Adventure, Sci-Fi",7.8,75,"555,660"
The Revenant(2015),R,156 min,"Action, Adventure, Biography",8.0,76,"607,081"
Guardians of the Galaxy Vol. 2(2017),PG-13,136 min,"Action, Adventure, Comedy",7.7,67,"452,753"
The Dark Knight Rises(2012),PG-13,164 min,"Action, Thriller",8.4,78,"1,366,664"
How to Train Your Dragon 2(2014),PG,102 min,"Animation, Action, Adventure",7.8,76,"270,945"
The Predator(2018),R,107 min,"Action, Adventure, Sci-Fi",5.4,48,"86,230"
Captain America: The First Avenger(2011),PG-13,124 min,"Action, Adventure, Sci-Fi",6.9,66,"642,279"
Upgrade(2018),R,100 min,"Action, Sci-Fi, Thriller",7.6,67,"94,737"
Star Wars: Episode VIII - The Last Jedi(2017),PG-13,152 min,"Action, Adventure, Fantasy",7.2,85,"448,944"
Avatar(2009),PG-13,162 min,"Action, Adventure, Fantasy",7.8,83,"1,030,355"
Avengers: Age of Ultron(2015),PG-13,141 min,"Action, Adventure, Sci-Fi",7.4,66,"635,542"
Red Sparrow(2018),R,140 min,"Action, Drama, Thriller",6.6,53,"130,349"
The Meg(2018),PG-13,113 min,"Action, Horror, Sci-Fi",5.7,46,"100,309"
Peppermint(2018),R,101 min,"Action, Crime, Drama",6.5,29,"31,162"
Den of Thieves(2018),R,140 min,"Action, Crime, Drama",7.0,49,"65,662"
Iron Man(2008),PG-13,126 min,"Action, Adventure, Sci-Fi",7.9,79,"838,322"
The Man from U.N.C.L.E.(2015),PG-13,116 min,"Action, Adventure, Comedy",7.3,56,"236,964"
Deadpool(2016),R,108 min,"Action, Adventure, Comedy",8.0,65,"802,318"
The Mummy(2017),PG-13,110 min,"Action, Adventure, Fantasy",5.5,34,"149,433"
Casino Royale(2006),PG-13,144 min,"Action, Adventure, Thriller",8.0,80,"534,376"
American Sniper(2014),R,133 min,"Action, Biography, Drama",7.3,72,"396,693"
Logan(2017),R,137 min,"Action, Drama, Sci-Fi",8.1,77,"541,380"
Game Night(I) (2018),R,100 min,"Action, Comedy, Crime",7.0,66,"153,237"
Sicario: Day of the Soldado(2018),R,122 min,"Action, Crime, Drama",7.1,61,"86,429"
Dunkirk(2017),PG-13,106 min,"Action, Drama, History",7.9,94,"452,691"
Rampage(2018),PG-13,107 min,"Action, Adventure, Sci-Fi",6.1,45,"109,172"
The First Purge(2018),R,98 min,"Action, Horror, Sci-Fi",5.1,54,"37,136"
Thor(2011),PG-13,115 min,"Action, Adventure, Fantasy",7.0,57,"662,544"
Doctor Strange(2016),PG-13,115 min,"Action, Adventure, Fantasy",7.5,72,"487,353"
Death Wish(2018),R,107 min,"Action, Crime, Drama",6.4,31,"46,510"
The Equalizer(2014),R,132 min,"Action, Crime, Thriller",7.2,57,"296,817"
Batman v Superman: Dawn of Justice(2016),PG-13,151 min,"Action, Adventure, Fantasy",6.5,44,"566,584"
Mandy(I) (2018),,121 min,"Action, Fantasy, Horror",6.6,81,"39,331"
X-Men: Days of Future Past(2014),PG-13,132 min,"Action, Adventure, Sci-Fi",8.0,75,"610,154"
21 Jump Street(2012),R,109 min,"Action, Comedy, Crime",7.2,69,"472,540"
Baby Driver(2017),R,112 min,"Action, Crime, Drama",7.6,86,"350,065"
Top Gun(1986),,110 min,"Action, Drama",6.9,50,"258,480"
Mile 22(2018),R,94 min,"Action, Adventure, Thriller",6.1,38,"43,137"
The Hunger Games(2012),PG-13,142 min,"Action, Adventure, Sci-Fi",7.2,68,"788,387"
Thor: The Dark World(2013),PG-13,112 min,"Action, Adventure, Fantasy",7.0,54,"523,652"
Ant-Man(2015),PG-13,117 min,"Action, Adventure, Comedy",7.3,64,"478,953"
Pirates of the Caribbean: Dead Men Tell No Tales(2017),PG-13,129 min,"Action, Adventure, Fantasy",6.6,39,"221,617"
Gladiator(2000),R,155 min,"Action, Adventure, Drama",8.5,67,"1,192,784"
Willow(1988),,126 min,"Action, Adventure, Drama",7.3,47,"92,004"
Outlaw King(2018),R,121 min,"Action, Biography, Drama",7.0,59,"41,491"
Sucker Punch(2011),PG-13,110 min,"Action, Fantasy",6.1,33,"216,839"
Transformers: The Last Knight(2017),PG-13,154 min,"Action, Adventure, Sci-Fi",5.2,27,"115,054"
The Equalizer 2(2018),R,121 min,"Action, Crime, Thriller",6.7,50,"86,849"
Tombstone(1993),R,130 min,"Action, Biography, Drama",7.8,50,"113,497"
The Mortal Instruments: City of Bones(2013),PG-13,130 min,"Action, Fantasy, Horror",5.9,33,"120,770"
.The Spiderwick Chronicles(2008),PG,96 min,"Action, Adventure, Family",6.6,62,"80,416"
.The Accountant(2016),R,128 min,"Action, Crime, Drama",7.3,51,"229,143"
.Edge of Tomorrow(2014),PG-13,113 min,"Action, Sci-Fi",7.9,71,"538,747"
.Ghost in the Shell(2017),PG-13,107 min,"Action, Drama, Sci-Fi",6.4,52,"171,688"
.Furious Seven(2015),PG-13,137 min,"Action, Crime, Thriller",7.2,67,"331,613"
.Aliens(1986),R,137 min,"Action, Adventure, Sci-Fi",8.4,84,"592,062"
.Tomb Raider(2018),PG-13,119 min,"Action, Adventure, Fantasy",6.3,48,"155,941"
.X-Men Origins: Wolverine(2009),PG-13,107 min,"Action, Adventure, Sci-Fi",6.6,40,"430,167"
.X-Men(2000),PG-13,104 min,"Action, Adventure, Sci-Fi",7.4,64,"528,458"
.Raiders of the Lost Ark(1981),PG,115 min,"Action, Adventure",8.5,85,"799,434"
.Captain America: The Winter Soldier(2014),PG-13,136 min,"Action, Adventure, Sci-Fi",7.8,70,"642,700"
.Hellboy II: The Golden Army(2008),PG-13,120 min,"Action, Adventure, Fantasy",7.0,78,"236,913"
.Spider-Man(2002),PG-13,121 min,"Action, Adventure, Sci-Fi",7.3,73,"630,934"
.Kingsman: The Secret Service(2014),R,129 min,"Action, Adventure, Comedy",7.7,60,"535,944"
.Johnny English Strikes Again(2018),PG,89 min,"Action, Adventure, Comedy",6.2,39,"41,970"
.Apocalypto(2006),R,139 min,"Action, Adventure, Drama",7.8,68,"268,402"
.Star Wars(1977),PG,121 min,"Action, Adventure, Fantasy",8.6,90,"1,105,128"
.The Lost World: Jurassic Park(1997),PG-13,129 min,"Action, Adventure, Sci-Fi",6.5,59,"339,933"
.King Arthur: Legend of the Sword(2017),PG-13,126 min,"Action, Adventure, Drama",6.8,41,"164,189"
.The Fugitive(1993),PG-13,130 min,"Action, Crime, Drama",7.8,87,"242,660"
.Jurassic World(2015),PG-13,124 min,"Action, Adventure, Sci-Fi",7.0,59,"531,494"
.Kingsman: The Golden Circle(2017),R,141 min,"Action, Adventure, Comedy",6.8,44,"222,612"
.300(2006),R,117 min,"Action, Fantasy",7.7,52,"685,299"
.Man of Steel(2013),PG-13,143 min,"Action, Adventure, Sci-Fi",7.1,55,"638,661"
.Rogue One(2016),PG-13,133 min,"Action, Adventure, Sci-Fi",7.8,65,"467,147"
.Maleficent(2014),PG,97 min,"Action, Adventure, Family",7.0,56,"300,962"
.Pearl Harbor(2001),PG-13,183 min,"Action, Drama, History",6.1,44,"290,542"
.The Magnificent Seven(2016),PG-13,132 min,"Action, Adventure, Western",6.9,54,"165,742"
.Die Hard(1988),,132 min,"Action, Thriller",8.2,72,"711,099"
.Dune(1984),,137 min,"Action, Adventure, Sci-Fi",6.6,40,"110,086"
.The Incredibles(2004),PG,115 min,"Animation, Action, Adventure",8.0,90,"591,490"
.Batman Begins(2005),PG-13,140 min,"Action, Adventure, Thriller",8.2,70,"1,175,870"
.Spectre(I) (2015),PG-13,148 min,"Action, Adventure, Thriller",6.8,60,"348,214"
.Predator(1987),,107 min,"Action, Adventure, Sci-Fi",7.8,45,"341,628"
.GoldenEye(1995),PG-13,130 min,"Action, Adventure, Thriller",7.2,65,"221,146"
.The Terminator(1984),,107 min,"Action, Sci-Fi",8.0,84,"719,420"
.The Commuter(I) (2018),PG-13,105 min,"Action, Mystery, Thriller",6.3,56,"78,775"
.Ghost Busters(1984),,105 min,"Action, Comedy, Fantasy",7.8,71,"319,878"
.Power Rangers(2017),PG-13,124 min,"Action, Adventure, Sci-Fi",6.0,44,"89,777"
.Shooter(I) (2007),R,124 min,"Action, Drama, Thriller",7.2,53,"289,232"
.X: First Class(2011),PG-13,131 min,"Action, Adventure, Sci-Fi",7.7,65,"600,432"
.Point Break(1991),R,122 min,"Action, Crime, Thriller",7.2,58,"135,998"
.Independence Day(1996),PG-13,145 min,"Action, Adventure, Sci-Fi",7.0,59,"490,456"
.Iron Man Three(2013),PG-13,130 min,"Action, Adventure, Sci-Fi",7.2,62,"672,894"
.The Fate of the Furious(2017),PG-13,136 min,"Action, Crime, Thriller",6.7,56,"175,498"
.Terminator 2: Judgment Day(1991),R,137 min,"Action, Sci-Fi",8.5,75,"893,649"
.Iron Man 2(2010),PG-13,124 min,"Action, Adventure, Sci-Fi",7.0,57,"638,133"
.The Incredible Hulk(2008),PG-13,112 min,"Action, Adventure, Sci-Fi",6.8,61,"389,561"
.Kill Bill: Vol. 1(2003),R,111 min,"Action, Crime, Thriller",8.1,69,"892,350"
.Ghostbusters(2016),PG-13,116 min,"Action, Comedy, Fantasy",5.2,60,"184,192"
.The Lego Movie(2014),PG,100 min,"Animation, Action, Adventure",7.8,83,"299,459"
.13 Hours(2016),R,144 min,"Action, Drama, History",7.3,48,"101,491"
.Sicario(2015),R,121 min,"Action, Crime, Drama",7.6,82,"322,291"
.Star Wars: Episode VII - The Force Awakens(2015),PG-13,136 min,"Action, Adventure, Fantasy",8.0,81,"774,532"
.Hell or High Water(II) (2016),R,102 min,"Action, Crime, Drama",7.6,88,"171,711"
.Stargate(1994),PG-13,116 min,"Action, Adventure, Sci-Fi",7.1,42,"164,393"
.Star Trek(2009),PG-13,127 min,"Action, Adventure, Sci-Fi",8.0,82,"553,451"
.Logan's Run(1976),,119 min,"Action, Sci-Fi",6.8,53,"46,895"
.Furious 6(2013),PG-13,130 min,"Action, Crime, Thriller",7.1,61,"343,511"
.The Mummy Returns(2001),PG-13,130 min,"Action, Adventure, Fantasy",6.4,48,"281,448"
.The Fast and the Furious(2001),PG-13,106 min,"Action, Crime, Thriller",6.8,58,"316,910"
.Terminator Genisys(2015),PG-13,126 min,"Action, Adventure, Sci-Fi",6.4,38,"230,633"
.Maze Runner: The Death Cure(2018),PG-13,143 min,"Action, Sci-Fi, Thriller",6.2,50,"86,765"
.Spider-Man 3(2007),PG-13,139 min,"Action, Adventure, Sci-Fi",6.2,59,"453,735"
.Divergent(2014),PG-13,139 min,"Action, Adventure, Mystery",6.7,48,"395,640"
.Gamer(2009),R,95 min,"Action, Sci-Fi, Thriller",5.8,27,"124,012"
.Skyfall(2012),PG-13,143 min,"Action, Adventure, Thriller",7.8,81,"587,290"
.Road House(1989),,114 min,"Action, Thriller",6.6,36,"53,078"
.Jupiter Ascending(2015),PG-13,127 min,"Action, Adventure, Sci-Fi",5.3,40,"164,716"
.The Legend of Tarzan(2016),PG-13,110 min,"Action, Adventure, Drama",6.3,44,"147,655"
.Bright(I) (2017),,117 min,"Action, Crime, Fantasy",6.4,29,"144,538"
.Men in Black 3(2012),PG-13,106 min,"Action, Adventure, Comedy",6.8,58,"305,249"
.Forbidden Planet(1956),,98 min,"Action, Adventure, Sci-Fi",7.6,No,"40,723"
.The Spy Who Dumped Me(2018),R,117 min,"Action, Adventure, Comedy",6.0,52,"42,564"
.Pirates of the Caribbean: The Curse of the Black Pearl(2003),PG-13,143 min,"Action, Adventure, Fantasy",8.0,63,"953,735"
.Hot Fuzz(2007),R,121 min,"Action, Comedy, Mystery",7.9,81,"419,937"
.Kick-Ass(2010),R,117 min,"Action, Comedy",7.6,66,"492,479"
.From Dusk Till Dawn(1996),R,108 min,"Action, Crime, Horror",7.2,48,"257,262"
.X-Men: The Last Stand(2006),PG-13,104 min,"Action, Adventure, Sci-Fi",6.7,58,"446,116"
.Valerian and the City of a Thousand Planets(2017),PG-13,137 min,"Action, Adventure, Fantasy",6.5,51,"136,013"
.Star Wars: Episode I - The Phantom Menace(1999),PG,136 min,"Action, Adventure, Fantasy",6.5,51,"645,233"
.Van Helsing(2004),PG-13,131 min,"Action, Adventure, Fantasy",6.1,35,"226,807"
.Oldboy(2013),R,104 min,"Action, Drama, Mystery",5.8,49,"62,346"
.CHIPS(2017),R,100 min,"Action, Comedy, Crime",6.0,28,"35,699"
.Serenity(2005),PG-13,119 min,"Action, Adventure, Sci-Fi",7.9,74,"267,998"
.Geostorm(2017),PG-13,109 min,"Action, Sci-Fi, Thriller",5.3,21,"75,813"
.Snow White and the Huntsman(2012),PG-13,127 min,"Action, Adventure, Drama",6.1,57,"256,733"
.Mad Max(1979),,88 min,"Action, Adventure, Sci-Fi",7.0,73,"174,784"
.The Karate Kid(1984),,126 min,"Action, Drama, Family",7.2,60,"155,689"
.12 Strong(2018),R,130 min,"Action, Drama, History",6.6,54,"47,210"
.Highlander(1986),R,116 min,"Action, Adventure, Fantasy",7.2,24,"112,094"
.Fury(2014),R,134 min,"Action, Drama, War",7.6,64,"376,329"
.Johnny English Reborn(2011),PG,101 min,"Action, Adventure, Comedy",6.3,46,"108,691"
.Hanna(2011),PG-13,111 min,"Action, Drama, Thriller",6.8,65,"176,493"
.Underworld(2003),R,121 min,"Action, Fantasy, Thriller",7.0,42,"237,426"
.Jurassic Park III(2001),PG-13,92 min,"Action, Adventure, Sci-Fi",5.9,42,"269,082"
.Oldeuboi(2003),R,120 min,"Action, Drama, Mystery",8.4,74,"450,746"
.Atomic Blonde(2017),R,115 min,"Action, Mystery, Thriller",6.7,63,"145,545"
.The Fast and the Furious: Tokyo Drift(2006),PG-13,104 min,"Action, Crime, Thriller",6.0,45,"216,148"
.The Amazing Spider-Man(2012),PG-13,136 min,"Action, Adventure, Sci-Fi",7.0,66,"518,744"
.The Day After Tomorrow(2004),PG-13,124 min,"Action, Adventure, Sci-Fi",6.4,47,"381,444"
.Oblivion(I) (2013),PG-13,124 min,"Action, Adventure, Sci-Fi",7.0,54,"448,209"
.Face/Off(1997),R,138 min,"Action, Crime, Sci-Fi",7.3,82,"322,717"
.Transformers(2007),PG-13,144 min,"Action, Adventure, Sci-Fi",7.1,61,"565,329"
.Safe House(2012),R,115 min,"Action, Adventure, Crime",6.8,52,"190,736"
.Star Trek Beyond(2016),PG-13,122 min,"Action, Adventure, Sci-Fi",7.1,68,"206,768"
.V for Vendetta(2005),R,132 min,"Action, Drama, Sci-Fi",8.2,62,"941,602"
.The Warriors(1979),R,92 min,"Action, Crime, Thriller",7.7,65,"84,599"
.Lucy(I) (2014),R,89 min,"Action, Sci-Fi, Thriller",6.4,61,"397,230"
.Death Proof(2007),,113 min,"Action, Thriller",7.0,No,"240,775"
.King Kong(2005),PG-13,187 min,"Action, Adventure, Drama",7.2,81,"362,762"
.Minority Report(2002),PG-13,145 min,"Action, Crime, Mystery",7.7,80,"464,813"
.Batman(1989),,126 min,"Action, Adventure",7.5,69,"309,314"
.Indiana Jones and the Last Crusade(1989),PG-13,127 min,"Action, Adventure",8.2,65,"624,330"
.The Amazing Spider-Man 2(2014),PG-13,142 min,"Action, Adventure, Sci-Fi",6.6,53,"382,551"
.Jason Bourne(2016),PG-13,123 min,"Action, Thriller",6.6,58,"187,772"
.The Hitman's Bodyguard(2017),R,118 min,"Action, Comedy, Thriller",6.9,47,"156,999"
.Indiana Jones and the Temple of Doom(1984),,118 min,"Action, Adventure",7.6,57,"399,420"
.The Bourne Identity(2002),PG-13,119 min,"Action, Mystery, Thriller",7.9,68,"470,606"
.The Nice Guys(2016),R,116 min,"Action, Comedy, Crime",7.4,70,"234,858"
.World War Z(2013),PG-13,116 min,"Action, Adventure, Horror",7.0,63,"546,563"
.Jack Ryan: Shadow Recruit(2014),PG-13,105 min,"Action, Drama, Thriller",6.2,57,"113,657"
.Speed(1994),R,116 min,"Action, Adventure, Crime",7.2,78,"299,033"
.Planet of the Apes(2001),PG-13,119 min,"Action, Adventure, Sci-Fi",5.7,50,"200,218"
.The Matrix Reloaded(2003),R,138 min,"Action, Sci-Fi",7.2,62,"473,100"
.What Happened to Monday(2017),,123 min,"Action, Crime, Drama",6.9,47,"82,024"
.District 9(2009),R,112 min,"Action, Sci-Fi, Thriller",7.9,81,"598,941"
.The Scorpion King(2002),PG-13,92 min,"Action, Adventure, Fantasy",5.5,45,"121,483"
.Clash of the Titans(2010),PG-13,106 min,"Action, Adventure, Fantasy",5.8,39,"253,893"
.Hulk(2003),PG-13,138 min,"Action, Sci-Fi",5.7,54,"237,083"
.Street Fighter(1994),PG-13,102 min,"Action, Adventure, Comedy",3.9,No,"60,130"
.X2(2003),PG-13,134 min,"Action, Adventure, Sci-Fi",7.5,68,"474,325"
.Everest(2015),PG-13,121 min,"Action, Adventure, Biography",7.1,64,"179,014"
.You Only Live Twice(1967),PG,117 min,"Action, Adventure, Thriller",6.9,61,"87,169"
.Need for Speed(2014),PG-13,132 min,"Action, Crime, Thriller",6.5,39,"153,669"
.Mission: Impossible - Rogue Nation(2015),PG-13,131 min,"Action, Adventure, Thriller",7.4,75,"306,720"
.Pacific Rim: Uprising(2018),PG-13,111 min,"Action, Adventure, Sci-Fi",5.6,44,"84,965"
.RoboCop(1987),,102 min,"Action, Crime, Sci-Fi",7.6,67,"212,286"
.Cloud Atlas(2012),R,172 min,"Action, Drama, Mystery",7.4,55,"323,903"
.The Hunger Games: Catching Fire(2013),PG-13,146 min,"Action, Adventure, Sci-Fi",7.5,76,"569,567"
.Green Lantern(2011),PG-13,114 min,"Action, Adventure, Sci-Fi",5.5,39,"249,854"
.Elysium(I) (2013),R,109 min,"Action, Drama, Sci-Fi",6.6,61,"391,519"
.Tron(2010),PG,125 min,"Action, Adventure, Fantasy",6.8,49,"293,430"
.Sherlock Holmes(2009),PG-13,128 min,"Action, Adventure, Crime",7.6,57,"543,373"
.Godzilla(2014),PG-13,123 min,"Action, Adventure, Sci-Fi",6.4,62,"343,061"
.Gods of Egypt(2016),PG-13,127 min,"Action, Adventure, Fantasy",5.4,25,"93,345"
.The World Is Not Enough(1999),PG-13,128 min,"Action, Adventure, Thriller",6.4,57,"174,638"
.Dr. No(1962),PG,110 min,"Action, Adventure, Thriller",7.3,78,"132,914"
.Under Siege(1992),R,103 min,"Action, Thriller",6.5,58,"70,026"
.How It Ends(2018),,113 min,"Action, Adventure, Drama",5.0,36,"34,627"
.Big Hero 6(2014),PG,102 min,"Animation, Action, Adventure",7.8,74,"363,354"
.Quantum of Solace(2008),PG-13,106 min,"Action, Adventure, Thriller",6.6,58,"374,286"
.Johnny English(2003),PG,88 min,"Action, Adventure, Comedy",6.2,51,"134,998"
.Last Action Hero(1993),PG-13,130 min,"Action, Adventure, Comedy",6.3,44,"123,549"
.Total Recall(1990),,113 min,"Action, Sci-Fi, Thriller",7.5,57,"275,341"
.Only the Brave(2017),PG-13,134 min,"Action, Biography, Drama",7.7,72,"43,210"
.Star Wars: Episode V - The Empire Strikes Back(1980),PG,124 min,"Action, Adventure, Fantasy",8.8,82,"1,035,370"
.Eraser(1996),R,115 min,"Action, Drama, Mystery",6.1,56,"95,951"
.The Patriot(2000),R,165 min,"Action, Drama, History",7.2,63,"235,260"
.Tropic Thunder(2008),R,107 min,"Action, Adventure, Comedy",7.0,71,"348,244"
.Constantine(2005),R,121 min,"Action, Fantasy, Horror",7.0,50,"273,977"
.Star Wars: Episode VI - Return of the Jedi(1983),PG,131 min,"Action, Adventure, Fantasy",8.3,58,"848,568"
.Doom(2005),R,105 min,"Action, Adventure, Horror",5.2,34,"98,681"
.A Knight's Tale(2001),PG-13,132 min,"Action, Adventure, Romance",6.9,56,"155,853"
.San Andreas(2015),PG-13,114 min,"Action, Adventure, Drama",6.1,43,"189,650"
.Spy(2015),R,119 min,"Action, Comedy, Crime",7.0,75,"211,735"
.Starship Troopers(1997),R,129 min,"Action, Adventure, Sci-Fi",7.2,51,"249,216"
.Blade(1998),R,120 min,"Action, Horror, Sci-Fi",7.1,45,"223,358"
.Immortals(2011),R,110 min,"Action, Drama, Fantasy",6.0,46,"151,899"
.Pineapple Express(2008),R,111 min,"Action, Comedy, Crime",7.0,64,"289,952"
.Flash Gordon(1980),,111 min,"Action, Adventure, Sci-Fi",6.5,58,"45,159"
.Death Wish(1974),,93 min,"Action, Crime, Drama",7.0,51,"31,441"
.Smokey and the Bandit(1977),,96 min,"Action, Comedy",6.9,50,"40,506"
.The Great Wall(I) (2016),PG-13,103 min,"Action, Adventure, Fantasy",6.0,42,"108,875"
.The Crow(1994),R,102 min,"Action, Drama, Fantasy",7.6,71,"153,754"
.Batman Returns(1992),PG-13,126 min,"Action, Crime, Fantasy",7.0,68,"249,870"
.True Lies(1994),R,141 min,"Action, Comedy, Thriller",7.2,63,"217,465"
.2012(I) (2009),PG-13,158 min,"Action, Adventure, Sci-Fi",5.8,49,"324,579"
.Conan the Barbarian(2011),R,113 min,"Action, Adventure, Fantasy",5.2,36,"90,161"
.Extinction(2018),,95 min,"Action, Drama, Sci-Fi",5.8,40,"35,512"
.The Dark Tower(2017),PG-13,95 min,"Action, Adventure, Fantasy",5.7,34,"103,666"
.Now You See Me 2(2016),PG-13,129 min,"Action, Adventure, Comedy",6.5,46,"210,366"
.Central Intelligence(2016),PG-13,107 min,"Action, Comedy, Crime",6.3,52,"134,897"
.The A-Team(2010),PG-13,117 min,"Action, Adventure, Comedy",6.8,47,"233,564"
.Taken(I) (2008),PG-13,94 min,"Action, Thriller",7.8,51,"534,759"
.The Maze Runner(2014),PG-13,113 min,"Action, Mystery, Sci-Fi",6.8,57,"382,087"
.War for the Planet of the Apes(2017),PG-13,140 min,"Action, Adventure, Drama",7.5,82,"196,412"
.Busanhaeng(2016),,118 min,"Action, Horror, Thriller",7.5,72,"104,939"
.The Hunger Games: Mockingjay - Part 2(2015),PG-13,137 min,"Action, Adventure, Sci-Fi",6.6,65,"246,768"
.American Assassin(2017),R,112 min,"Action, Thriller",6.2,45,"56,257"
.Adrift(I) (2018),PG-13,96 min,"Action, Adventure, Biography",6.6,56,"31,027"
.Hotel Artemis(2018),R,94 min,"Action, Crime, Drama",6.1,58,"26,638"
.Spider-Man 2(2004),PG-13,127 min,"Action, Adventure, Sci-Fi",7.3,83,"492,287"
.Thunderball(1965),PG,130 min,"Action, Adventure, Thriller",7.0,64,"94,359"
.The Last Airbender(2010),PG,103 min,"Action, Adventure, Family",4.1,20,"136,345"
.In Time(2011),PG-13,109 min,"Action, Crime, Drama",6.7,53,"342,956"
.The Mummy: Tomb of the Dragon Emperor(2008),PG-13,112 min,"Action, Adventure, Fantasy",5.2,31,"139,247"
.Allied(2016),R,124 min,"Action, Drama, Romance",7.1,60,"122,925"
.Kingdom of Heaven(2005),R,144 min,"Action, Adventure, Drama",7.2,63,"248,013"
.Snowpiercer(2013),R,126 min,"Action, Drama, Sci-Fi",7.1,84,"232,444"
.The Hunger Games: Mockingjay - Part 1(2014),PG-13,123 min,"Action, Adventure, Sci-Fi",6.7,64,"373,631"
.American Made(2017),R,115 min,"Action, Biography, Comedy",7.2,65,"125,992"
.Noah(2014),PG-13,138 min,"Action, Adventure, Drama",5.8,68,"227,159"
.Robin Hood(2010),PG-13,140 min,"Action, Adventure, Drama",6.7,53,"237,592"
.Austin Powers in Goldmember(2002),PG-13,94 min,"Action, Adventure, Comedy",6.2,62,"182,319"
.The Boondock Saints(1999),R,108 min,"Action, Crime, Thriller",7.8,44,"215,783"
.Mortal Kombat(1995),PG-13,101 min,"Action, Adventure, Fantasy",5.8,58,"92,718"
.The Foreigner(2017),R,113 min,"Action, Crime, Drama",7.0,55,"78,900"
.Dangal(2016),,161 min,"Action, Biography, Drama",8.5,No,"116,913"
.The Other Guys(2010),PG-13,107 min,"Action, Comedy, Crime",6.7,64,"219,058"
.The Bourne Supremacy(2004),PG-13,108 min,"Action, Mystery, Thriller",7.8,73,"403,536"
.Resident Evil(2002),R,100 min,"Action, Horror, Sci-Fi",6.7,33,"229,569"
.Warcraft(2016),PG-13,123 min,"Action, Adventure, Fantasy",6.9,32,"222,467"
.Star Wars: Episode III - Revenge of the Sith(2005),PG-13,140 min,"Action, Adventure, Fantasy",7.6,68,"631,336"
.The Count of Monte Cristo(2002),PG-13,131 min,"Action, Adventure, Drama",7.8,61,"118,985"
.Total Recall(I) (2012),PG-13,118 min,"Action, Adventure, Mystery",6.3,43,"226,587"
.Batman Forever(1995),PG-13,121 min,"Action, Adventure, Fantasy",5.4,51,"217,907"
.Pompeii(I) (2014),PG-13,105 min,"Action, Adventure, Drama",5.5,39,"99,262"
.Die Another Day(2002),PG-13,133 min,"Action, Adventure, Thriller",6.1,56,"190,007"
.Escape Plan(2013),R,115 min,"Action, Crime, Mystery",6.7,49,"209,411"
.Jack Reacher: Never Go Back(2016),PG-13,118 min,"Action, Thriller",6.1,47,"118,932"
.Batman & Robin(1997),PG-13,125 min,"Action, Sci-Fi",3.7,28,"215,753"
.Transformers: Age of Extinction(2014),PG-13,165 min,"Action, Adventure, Sci-Fi",5.7,32,"280,652"
.Lone Survivor(2013),R,121 min,"Action, Biography, Drama",7.5,60,"243,927"
.Star Trek Into Darkness(2013),PG-13,132 min,"Action, Adventure, Sci-Fi",7.7,72,"442,768"
.John Carter(2012),PG-13,132 min,"Action, Adventure, Sci-Fi",6.6,51,"237,054"
.The Punisher(2004),R,124 min,"Action, Crime, Drama",6.5,33,"141,209"
.Tomorrow Never Dies(1997),PG-13,119 min,"Action, Adventure, Thriller",6.5,52,"167,093"
.Pirates of the Caribbean: On Stranger Tides(2011),PG-13,136 min,"Action, Adventure, Fantasy",6.6,45,"442,091"
.Pacific Rim(2013),PG-13,131 min,"Action, Adventure, Sci-Fi",6.9,65,"439,446"
.Indiana Jones and the Kingdom of the Crystal Skull(2008),PG-13,122 min,"Action, Adventure",6.2,65,"388,037"
.The Losers(I) (2010),PG-13,97 min,"Action, Adventure, Crime",6.4,44,"82,945"
.Underworld: Blood Wars(2016),R,91 min,"Action, Adventure, Fantasy",5.8,23,"61,728"
.Waterworld(1995),PG-13,135 min,"Action, Adventure, Sci-Fi",6.2,56,"164,663"
.Assassin's Creed(2016),PG-13,115 min,"Action, Adventure, Sci-Fi",5.8,36,"163,879"
.The Lego Batman Movie(2017),PG,104 min,"Animation, Action, Comedy",7.3,75,"112,957"
.Looper(2012),R,113 min,"Action, Crime, Drama",7.4,84,"495,271"
.Wo hu cang long(2000),PG-13,120 min,"Action, Adventure, Fantasy",7.9,93,"238,174"
.The Expendables 3(2014),PG-13,126 min,"Action, Adventure, Thriller",6.1,35,"154,265"
.Robin Hood: Prince of Thieves(1991),,143 min,"Action, Adventure, Drama",6.9,51,"164,674"
.xXx: Return of Xander Cage(2017),PG-13,107 min,"Action, Adventure, Thriller",5.2,42,"76,622"
.Criminal(2016),R,113 min,"Action, Crime, Drama",6.3,36,"50,804"
.Ender's Game(2013),PG-13,114 min,"Action, Adventure, Fantasy",6.6,51,"209,668"
.Pirates of the Caribbean: At World's End(2007),PG-13,169 min,"Action, Adventure, Fantasy",7.1,50,"550,596"
.Jack Reacher(2012),PG-13,130 min,"Action, Crime, Thriller",7.0,50,"281,358"
.Mr. & Mrs. Smith(2005),PG-13,120 min,"Action, Comedy, Crime",6.5,55,"411,392"
.Kill Bill: Vol. 2(2004),R,137 min,"Action, Crime, Thriller",8.0,83,"605,716"
.Fast & Furious(2009),PG-13,107 min,"Action, Crime, Thriller",6.6,46,"239,579"
.Space Cowboys(2000),PG-13,130 min,"Action, Adventure, Thriller",6.4,73,"67,905"
.Wanted(2008),R,110 min,"Action, Crime, Fantasy",6.7,64,"336,761"
.The Hunt for Red October(1990),,135 min,"Action, Adventure, Thriller",7.6,58,"162,962"
.Mad Max 2(1981),,95 min,"Action, Adventure, Sci-Fi",7.6,77,"153,200"
.Rush(I) (2013),R,123 min,"Action, Biography, Drama",8.1,75,"386,837"
.Hancock(2008),PG-13,92 min,"Action, Drama, Fantasy",6.4,49,"406,591"
.Alien³(1992),R,114 min,"Action, Horror, Sci-Fi",6.4,59,"252,029"
.The Huntsman: Winter's War(2016),PG-13,114 min,"Action, Adventure, Drama",6.1,35,"86,020"
.The Pacifier(2005),PG,95 min,"Action, Comedy, Drama",5.6,30,"79,421"
.The Matrix Revolutions(2003),R,129 min,"Action, Sci-Fi",6.7,47,"410,679"
.The Rock(1996),R,136 min,"Action, Adventure, Thriller",7.4,58,"290,618"
.Olympus Has Fallen(2013),R,119 min,"Action, Thriller",6.5,41,"232,929"
.The Running Man(1987),,101 min,"Action, Sci-Fi, Thriller",6.7,45,"129,070"
.Master and Commander: The Far Side of the World(2003),PG-13,138 min,"Action, Adventure, Drama",7.4,81,"187,971"
.Clear and Present Danger(1994),PG-13,141 min,"Action, Crime, Drama",6.9,74,"80,658"
.Inferno(I) (2016),PG-13,121 min,"Action, Adventure, Crime",6.2,42,"135,906"
.Star Wars: Episode II - Attack of the Clones(2002),PG,142 min,"Action, Adventure, Fantasy",6.6,54,"566,532"
.Goldfinger(1964),PG,110 min,"Action, Adventure, Thriller",7.7,87,"157,175"
.Superman Returns(2006),PG-13,154 min,"Action, Adventure, Sci-Fi",6.1,72,"258,998"
.Kick-Ass 2(2013),R,103 min,"Action, Comedy, Crime",6.6,41,"235,326"
.The Last of the Mohicans(1992),R,112 min,"Action, Adventure, Drama",7.8,76,"134,602"
.Keanu(2016),R,100 min,"Action, Comedy, Crime",6.3,63,"40,592"
.Resident Evil: The Final Chapter(2016),R,107 min,"Action, Horror, Sci-Fi",5.6,49,"73,357"
.Superman(1978),PG,143 min,"Action, Adventure, Drama",7.3,80,"146,257"
.Near Dark(1987),,94 min,"Action, Crime, Drama",7.0,76,"29,661"
.On Her Majesty's Secret Service(1969),PG,142 min,"Action, Adventure, Thriller",6.8,61,"70,696"
.Lara Croft: Tomb Raider(2001),PG-13,100 min,"Action, Adventure, Fantasy",5.8,33,"183,898"
.They Live(1988),,94 min,"Action, Horror, Sci-Fi",7.3,54,"94,412"
.Morgan(2016),R,92 min,"Action, Horror, Sci-Fi",5.8,48,"34,738"
.Hercules(I) (2014),PG-13,98 min,"Action, Adventure, Fantasy",6.0,47,"136,135"
.2 Fast 2 Furious(2003),PG-13,107 min,"Action, Crime, Thriller",5.9,38,"228,169"
.Sherlock Holmes: A Game of Shadows(2011),PG-13,129 min,"Action, Adventure, Crime",7.5,48,"389,854"
.Fantastic Four(2015),PG-13,100 min,"Action, Adventure, Drama",4.3,27,"138,350"
.Fast Five(2011),PG-13,130 min,"Action, Crime, Thriller",7.3,66,"326,682"
.The Dirty Dozen(1967),,150 min,"Action, Adventure, War",7.8,73,"61,051"
.Allegiant(2016),PG-13,120 min,"Action, Adventure, Mystery",5.7,33,"92,856"
.The Magnificent Seven(1960),,128 min,"Action, Adventure, Western",7.8,74,"80,000"
.A View to a Kill(1985),,131 min,"Action, Adventure, Thriller",6.3,40,"79,287"
.The Living Daylights(1987),,130 min,"Action, Adventure, Thriller",6.7,60,"79,857"
.Ghostbusters II(1989),,108 min,"Action, Comedy, Fantasy",6.5,56,"165,694"
.The Wolverine(2013),PG-13,126 min,"Action, Adventure, Sci-Fi",6.7,61,"394,851"
.The Expendables(2010),R,103 min,"Action, Adventure, Thriller",6.5,45,"305,123"
.Terminator Salvation(2009),PG-13,115 min,"Action, Adventure, Sci-Fi",6.6,49,"317,479"
.Deepwater Horizon(2016),PG-13,107 min,"Action, Drama, History",7.1,68,"130,777"
.300: Rise of an Empire(2014),R,102 min,"Action, Fantasy, War",6.2,48,"259,982"
.From Russia with Love(1963),PG,115 min,"Action, Adventure, Thriller",7.4,85,"104,614"
.Teenage Mutant Ninja Turtles(1990),,93 min,"Action, Adventure, Comedy",6.8,51,"77,619"
.Beverly Hills Cop(1984),,105 min,"Action, Comedy, Crime",7.3,64,"147,321"
.Rise of the Planet of the Apes(2011),PG-13,105 min,"Action, Drama, Sci-Fi",7.6,68,"468,702"
.Free State of Jones(2016),R,139 min,"Action, Biography, Drama",6.9,53,"44,028"
.Masters of the Universe(1987),,106 min,"Action, Adventure, Fantasy",5.4,35,"33,150"
.Bad Boys(1995),R,119 min,"Action, Comedy, Crime",6.9,41,"204,469"
.Four Brothers(2005),R,109 min,"Action, Crime, Drama",6.9,49,"124,146"
.Free Fire(2016),R,91 min,"Action, Comedy, Crime",6.4,63,"34,951"
.Insurgent(2015),PG-13,119 min,"Action, Adventure, Sci-Fi",6.2,42,"196,771"
.Spy Kids(2001),PG,88 min,"Action, Adventure, Comedy",5.5,71,"98,193"
.Pride and Prejudice and Zombies(2016),PG-13,108 min,"Action, Horror, Romance",5.8,45,"45,298"
.Source Code(2011),PG-13,93 min,"Action, Drama, Sci-Fi",7.5,74,"447,458"
.The Bourne Legacy(2012),PG-13,135 min,"Action, Adventure, Thriller",6.7,61,"266,117"
.Armageddon(1998),PG-13,151 min,"Action, Adventure, Sci-Fi",6.7,42,"366,715"
.Live Free or Die Hard(2007),PG-13,128 min,"Action, Thriller",7.1,69,"368,663"
.The Bourne Ultimatum(2007),PG-13,115 min,"Action, Mystery, Thriller",8.0,85,"576,237"
.Dredd(2012),R,95 min,"Action, Crime, Sci-Fi",7.1,60,"232,518"
.The 5th Wave(2016),PG-13,112 min,"Action, Adventure, Drama",5.2,33,"89,311"
.Okja(2017),,120 min,"Action, Adventure, Drama",7.3,75,"69,573"
.The Time Machine(2002),PG-13,96 min,"Action, Adventure, Sci-Fi",5.9,42,"112,347"
.Body of Lies(2008),R,128 min,"Action, Drama, Thriller",7.1,57,"197,517"
.Pirates of the Caribbean: Dead Man's Chest(2006),PG-13,151 min,"Action, Adventure, Fantasy",7.3,53,"606,577"
.The World's End(2013),R,109 min,"Action, Comedy, Sci-Fi",7.0,81,"229,556"
.Big Trouble in Little China(1986),,99 min,"Action, Adventure, Comedy",7.3,53,"111,293"
.Despicable Me 3(2017),PG,89 min,"Animation, Action, Adventure",6.3,49,"88,404"
.The Last Samurai(2003),R,154 min,"Action, Drama, History",7.7,55,"366,273"
.Jungle(I) (2017),R,115 min,"Action, Adventure, Biography",6.7,48,"34,199"
.Journey 2: The Mysterious Island(2012),PG,94 min,"Action, Adventure, Comedy",5.8,41,"82,314"
.Doomsday(2008),R,108 min,"Action, Sci-Fi, Thriller",6.0,51,"68,323"
.Masterminds(I) (2016),PG-13,95 min,"Action, Comedy, Crime",5.8,47,"44,155"
.Patriots Day(2016),R,133 min,"Action, Crime, Drama",7.4,69,"74,395"
.Cliffhanger(1993),R,113 min,"Action, Adventure, Thriller",6.4,60,"110,174"
.The Man in the Iron Mask(I) (1998),PG-13,132 min,"Action, Adventure, Drama",6.5,48,"144,687"
.Licence to Kill(1989),PG-13,133 min,"Action, Adventure, Thriller",6.6,58,"85,103"
.Mission: Impossible - Ghost Protocol(2011),PG-13,132 min,"Action, Adventure, Thriller",7.4,73,"423,596"
.RED(2010),PG-13,111 min,"Action, Comedy, Crime",7.1,60,"269,210"
.No Escape(I) (2015),R,103 min,"Action, Thriller",6.8,38,"69,254"
.The Book of Eli(2010),R,118 min,"Action, Adventure, Drama",6.9,53,"268,057"
.'Crocodile' Dundee II(1988),,108 min,"Action, Adventure, Comedy",5.6,41,"49,695"
.In the Heart of the Sea(2015),PG-13,122 min,"Action, Adventure, Biography",6.9,47,"106,955"
.Lethal Weapon(1987),,109 min,"Action, Crime, Thriller",7.6,68,"217,487"
.Machete Kills(2013),R,107 min,"Action, Crime, Sci-Fi",5.6,41,"69,208"
.G.I. Joe: The Rise of Cobra(2009),PG-13,118 min,"Action, Adventure, Sci-Fi",5.8,32,"190,050"
.Howard the Duck(1986),,110 min,"Action, Adventure, Comedy",4.6,28,"39,181"
.First Blood(1982),,93 min,"Action, Adventure",7.7,61,"200,029"
.The League of Extraordinary Gentlemen(2003),PG-13,110 min,"Action, Adventure, Fantasy",5.8,30,"156,058"
.Prince of Persia: The Sands of Time(2010),PG-13,116 min,"Action, Adventure, Fantasy",6.6,50,"252,058"
.Deja Vu(2006),PG-13,126 min,"Action, Crime, Sci-Fi",7.1,59,"273,673"
.Gangster Squad(2013),R,113 min,"Action, Crime, Drama",6.7,40,"193,887"
.R.I.P.D.(2013),PG-13,96 min,"Action, Adventure, Comedy",5.6,25,"107,874"
.Dracula Untold(2014),PG-13,92 min,"Action, Drama, Fantasy",6.3,40,"162,846"
.The Spy Who Loved Me(1977),,125 min,"Action, Adventure, Thriller",7.1,55,"88,360"
.Maze Runner: The Scorch Trials(2015),PG-13,131 min,"Action, Sci-Fi, Thriller",6.3,43,"197,627"
.The Karate Kid(2010),PG,140 min,"Action, Drama, Family",6.2,61,"144,289"
.King Arthur(2004),PG-13,126 min,"Action, Adventure, Drama",6.3,46,"150,951"
.Brawl in Cell Block 99(2017),,132 min,"Action, Crime, Drama",7.1,79,"41,662"
.Contagion(2011),PG-13,106 min,"Action, Drama, Sci-Fi",6.6,70,"199,943"
.Cloudy with a Chance of Meatballs(2009),PG,90 min,"Animation, Action, Adventure",7.0,66,"183,508"
.The Island(2005),PG-13,136 min,"Action, Romance, Sci-Fi",6.9,50,"286,481"
.Twister(1996),PG-13,113 min,"Action, Adventure, Drama",6.3,68,"160,789"
.Kung Fu Panda(2008),PG,92 min,"Animation, Action, Adventure",7.6,73,"374,597"
.Men in Black II(2002),PG-13,88 min,"Action, Adventure, Comedy",6.1,49,"308,893"
.Predators(2010),R,107 min,"Action, Adventure, Sci-Fi",6.4,51,"197,664"
.Killer Elite(2011),R,116 min,"Action, Crime, Thriller",6.5,44,"116,942"
.Commando(1985),,90 min,"Action, Adventure, Thriller",6.7,51,"132,090"
.Terminator 3: Rise of the Machines(2003),R,109 min,"Action, Sci-Fi",6.3,66,"345,388"
.Into the Blue(2005),PG-13,110 min,"Action, Adventure, Crime",5.9,45,"69,582"
.Charlie's Angels(2000),PG-13,98 min,"Action, Adventure, Comedy",5.5,52,"161,628"
.Alexander(2004),R,175 min,"Action, Adventure, Biography",5.6,39,"153,344"
.Max Payne(2008),PG-13,100 min,"Action, Crime, Drama",5.4,31,"116,937"
.Bloodsport(1988),,92 min,"Action, Biography, Drama",6.8,29,"68,572"
.Chappie(2015),R,120 min,"Action, Crime, Drama",6.8,41,"211,343"
.Megamind(2010),PG,95 min,"Animation, Action, Comedy",7.3,63,"204,777"
.London Has Fallen(2016),R,99 min,"Action, Thriller",5.9,28,"122,567"
.Dawn of the Planet of the Apes(2014),PG-13,130 min,"Action, Adventure, Drama",7.6,79,"385,930"
.Enemy of the State(1998),R,132 min,"Action, Crime, Mystery",7.3,67,"211,901"
.Mission: Impossible(1996),PG-13,110 min,"Action, Adventure, Thriller",7.1,59,"355,161"
.Romancing the Stone(1984),,106 min,"Action, Adventure, Comedy",6.9,63,"74,761"
.Con Air(1997),R,115 min,"Action, Crime, Thriller",6.8,52,"254,883"
.Grimsby(2016),R,83 min,"Action, Adventure, Comedy",6.2,44,"80,362"
.Freddy vs. Jason(2003),R,97 min,"Action, Horror",5.8,37,"101,977"
.Alien: Resurrection(1997),R,109 min,"Action, Horror, Sci-Fi",6.2,63,"208,385"
.Cowboys & Aliens(2011),PG-13,119 min,"Action, Sci-Fi, Thriller",6.0,50,"194,289"
.Machete(2010),R,105 min,"Action, Crime, Thriller",6.6,60,"181,069"
.Live and Let Die(1973),,121 min,"Action, Adventure, Thriller",6.8,55,"86,691"
.Moonraker(1979),,126 min,"Action, Adventure, Sci-Fi",6.3,66,"81,068"
.Daredevil(2003),PG-13,103 min,"Action, Adventure, Crime",5.3,42,"196,064"
.Serbuan maut(2011),R,101 min,"Action, Thriller",7.6,73,"173,956"
.Legion(2010),R,100 min,"Action, Fantasy, Horror",5.2,32,"91,238"
.Keeping Up with the Joneses(2016),PG-13,105 min,"Action, Comedy",5.9,34,"50,657"
.Kôkaku Kidôtai(1995),,83 min,"Animation, Action, Crime",8.0,76,"113,454"
.Planet Terror(2007),,105 min,"Action, Comedy, Horror",7.1,No,"186,849"
.Pain & Gain(2013),R,129 min,"Action, Comedy, Crime",6.4,45,"186,012"
.Battleship(2012),PG-13,131 min,"Action, Adventure, Sci-Fi",5.8,41,"223,975"
.Rambo III(1988),,102 min,"Action, Adventure, Thriller",5.8,36,"107,807"
.Hollow Man(2000),R,112 min,"Action, Horror, Sci-Fi",5.7,24,"113,811"
.Godzilla(I) (1998),PG-13,139 min,"Action, Sci-Fi, Thriller",5.3,32,"168,943"
.Teenage Mutant Ninja Turtles: Out of the Shadows(2016),PG-13,112 min,"Action, Adventure, Comedy",6.0,40,"76,062"
.Cloverfield(2008),PG-13,85 min,"Action, Horror, Sci-Fi",7.0,64,"347,902"
.Spectral(2016),PG-13,107 min,"Action, Mystery, Sci-Fi",6.3,No,"42,032"
.The Italian Job(2003),PG-13,111 min,"Action, Crime, Thriller",7.0,68,"319,554"
.The Heat(I) (2013),R,117 min,"Action, Comedy, Crime",6.6,60,"152,261"
.Contraband(2012),R,109 min,"Action, Crime, Drama",6.5,51,"110,905"
.Atlantis: The Lost Empire(2001),PG,95 min,"Animation, Action, Adventure",6.9,52,"91,021"
.The Mountain Between Us(2017),PG-13,112 min,"Action, Adventure, Drama",6.4,48,"55,253"
.Tomorrowland(2015),PG,130 min,"Action, Adventure, Family",6.4,60,"159,849"
.RoboCop(2014),PG-13,117 min,"Action, Crime, Sci-Fi",6.2,52,"204,049"
.Escape from New York(1981),,99 min,"Action, Sci-Fi",7.2,76,"110,735"
.Rambo(2008),R,92 min,"Action, Thriller, War",7.0,46,"200,056"
.Diamonds Are Forever(1971),,120 min,"Action, Adventure, Thriller",6.7,59,"85,548"
.National Treasure(2004),PG,131 min,"Action, Adventure, Family",6.9,39,"282,934"
.Knowing(2009),PG-13,121 min,"Action, Drama, Mystery",6.2,41,"207,328"
.For Your Eyes Only(1981),,127 min,"Action, Adventure, Thriller",6.8,54,"82,824"
.Blade: Trinity(2004),R,113 min,"Action, Adventure, Horror",5.9,38,"153,844"
.White House Down(2013),PG-13,131 min,"Action, Drama, Thriller",6.4,52,"189,792"
.The Last Witch Hunter(2015),PG-13,106 min,"Action, Adventure, Fantasy",6.0,34,"84,605"
.The Chronicles of Riddick(2004),R,119 min,"Action, Adventure, Sci-Fi",6.7,38,"202,824"
.Bullitt(1968),M/PG,114 min,"Action, Crime, Mystery",7.5,83,"54,668"
.We Were Soldiers(2002),R,138 min,"Action, Drama, History",7.2,65,"119,716"
.The Three Musketeers(2011),PG-13,110 min,"Action, Adventure, Romance",5.8,35,"97,799"
.Point Break(2015),PG-13,114 min,"Action, Crime, Sport",5.3,34,"53,058"
.Reign of Fire(2002),PG-13,101 min,"Action, Adventure, Fantasy",6.2,39,"118,716"
.This Means War(2012),PG-13,103 min,"Action, Comedy, Romance",6.3,31,"166,162"
.Colombiana(2011),PG-13,108 min,"Action, Drama, Thriller",6.4,45,"86,722"
.G.I. Joe: Retaliation(2013),PG-13,110 min,"Action, Adventure, Sci-Fi",5.8,41,"164,538"
.Transcendence(I) (2014),PG-13,119 min,"Action, Drama, Romance",6.3,42,"202,724"
.Dick Tracy(1990),,105 min,"Action, Comedy, Crime",6.1,No,"53,101"
.Friday Night Lights(2004),PG-13,118 min,"Action, Drama, Sport",7.3,70,"53,781"
.Bad Boys II(2003),R,147 min,"Action, Comedy, Crime",6.6,38,"204,489"
.Takers(2010),PG-13,107 min,"Action, Crime, Thriller",6.2,45,"52,860"
.22 Jump Street(2014),R,112 min,"Action, Comedy, Crime",7.0,71,"315,191"
.Fantastic Four(I) (2005),PG-13,106 min,"Action, Adventure, Fantasy",5.7,40,"294,315"
.Vampire Academy(2014),PG-13,104 min,"Action, Comedy, Drama",5.5,31,"48,890"
.Open Range(2003),R,139 min,"Action, Drama, Romance",7.5,67,"61,405"
.Octopussy(1983),,131 min,"Action, Adventure, Thriller",6.6,63,"85,725"
.The Chronicles of Narnia: Prince Caspian(2008),PG,150 min,"Action, Adventure, Family",6.5,62,"176,900"
.Deep Blue Sea(1999),R,105 min,"Action, Sci-Fi, Thriller",5.8,54,"114,346"
.Salt(2010),PG-13,100 min,"Action, Mystery, Thriller",6.4,65,"275,087"
.I Am Number Four(2011),PG-13,111 min,"Action, Adventure, Sci-Fi",6.1,36,"216,048"
.The Man with the Golden Gun(1974),,125 min,"Action, Adventure, Thriller",6.8,43,"85,557"
.The Rocketeer(1991),,108 min,"Action, Adventure, Family",6.4,61,"48,076"
.Desperado(1995),R,104 min,"Action, Thriller",7.2,55,"158,156"
.The Next Three Days(2010),PG-13,133 min,"Action, Crime, Drama",7.4,52,"165,856"
.Blade II(2002),R,117 min,"Action, Horror, Sci-Fi",6.7,52,"184,272"
.It's a Mad Mad Mad Mad World(1963),,205 min,"Action, Adventure, Comedy",7.6,No,"34,282"
.End of Watch(2012),R,109 min,"Action, Crime, Drama",7.6,68,"209,346"
.Live by Night(2016),R,129 min,"Action, Crime, Drama",6.4,49,"46,330"
.The Wild Bunch(1969),,135 min,"Action, Adventure, Western",8.0,95,"71,356"
.The Do-Over(2016),,108 min,"Action, Adventure, Comedy",5.7,22,"32,542"
.Shaft(2000),R,99 min,"Action, Crime, Thriller",5.9,50,"64,914"
.Homefront(I) (2013),R,100 min,"Action, Crime, Thriller",6.5,40,"97,542"
.Silverado(1985),,133 min,"Action, Crime, Drama",7.2,64,"33,322"
.Deep Impact(1998),PG-13,120 min,"Action, Drama, Romance",6.2,40,"150,141"
.Beowulf(2007),PG-13,115 min,"Animation, Action, Adventure",6.2,59,"154,251"
.Bronson(2008),R,92 min,"Action, Biography, Crime",7.1,71,"108,469"
.Mystery Men(1999),PG-13,121 min,"Action, Comedy, Fantasy",6.1,65,"58,279"
".I, Robot(2004)",PG-13,115 min,"Action, Crime, Drama",7.1,59,"458,414"
.Spy Game(2001),R,126 min,"Action, Crime, Thriller",7.1,63,"134,208"
.Die Hard 2(1990),,124 min,"Action, Thriller",7.1,67,"309,907"
.No Way Out(1987),,114 min,"Action, Crime, Drama",7.1,77,"31,545"
.The Spirit(2008),PG-13,103 min,"Action, Crime, Fantasy",4.8,30,"57,324"
.Dragonball Evolution(2009),PG,85 min,"Action, Adventure, Fantasy",2.6,45,"65,218"
.Nerve(I) (2016),PG-13,96 min,"Action, Adventure, Crime",6.6,58,"100,765"
.End of Days(1999),R,122 min,"Action, Fantasy, Horror",5.7,33,"99,311"
.Gone in Sixty Seconds(2000),PG-13,118 min,"Action, Crime, Thriller",6.5,35,"243,889"
.Lost in Space(1998),PG-13,130 min,"Action, Adventure, Family",5.1,42,"65,963"
.Ghost Rider(2007),PG-13,114 min,"Action, Fantasy, Thriller",5.2,35,"207,234"
.Elektra(2005),PG-13,97 min,"Action, Adventure, Crime",4.7,34,"81,285"
.High Noon(1952),PG,85 min,"Action, Drama, Thriller",8.0,89,"89,677"
.Rambo: First Blood Part II(1985),,96 min,"Action, Adventure, Thriller",6.4,47,"136,650"
.Transformers: Dark of the Moon(2011),PG-13,154 min,"Action, Adventure, Sci-Fi",6.3,42,"363,236"
.Mission: Impossible II(2000),PG-13,123 min,"Action, Adventure, Thriller",6.1,59,"287,551"
.Mad Max Beyond Thunderdome(1985),,107 min,"Action, Adventure, Sci-Fi",6.3,71,"116,784"
.RocknRolla(2008),R,114 min,"Action, Crime, Thriller",7.3,53,"217,933"
.Underworld: Evolution(2006),R,106 min,"Action, Adventure, Fantasy",6.7,36,"178,596"
.The Lone Ranger(2013),PG-13,150 min,"Action, Adventure, Western",6.4,37,"206,997"
.Grindhouse(2007),R,191 min,"Action, Horror, Thriller",7.6,77,"168,653"
.The Expendables 2(2012),R,103 min,"Action, Adventure, Thriller",6.6,51,"275,250"
.The Last Stand(2013),R,107 min,"Action, Thriller",6.4,54,"125,823"
.Mission: Impossible III(2006),PG-13,126 min,"Action, Adventure, Thriller",6.9,66,"302,848"
.Pandorum(2009),R,108 min,"Action, Horror, Mystery",6.8,28,"135,875"
.Scouts Guide to the Zombie Apocalypse(2015),R,93 min,"Action, Comedy, Horror",6.3,32,"39,799"
.U.S. Marshals(1998),PG-13,131 min,"Action, Crime, Thriller",6.5,47,"88,060"
.3:10 to Yuma(2007),R,122 min,"Action, Crime, Drama",7.7,76,"267,768"
.Rise of the Guardians(2012),PG,97 min,"Animation, Action, Adventure",7.3,57,"143,676"
.Austin Powers: The Spy Who Shagged Me(1999),PG-13,95 min,"Action, Adventure, Comedy",6.6,59,"201,855"
.Riddick(2013),R,119 min,"Action, Adventure, Crime",6.4,49,"143,427"
.Drive Angry(2011),R,104 min,"Action, Fantasy, Thriller",5.4,44,"89,544"
.A Walk Among the Tombstones(2014),R,114 min,"Action, Crime, Drama",6.5,57,"103,970"
.Left Behind(I) (2014),PG-13,110 min,"Action, Drama, Fantasy",3.1,12,"32,819"
.3 Days to Kill(2014),PG-13,117 min,"Action, Drama, Thriller",6.2,40,"80,862"
.Equilibrium(2002),R,107 min,"Action, Drama, Sci-Fi",7.5,33,"293,752"
.Killers(2010),PG-13,100 min,"Action, Comedy, Romance",5.4,21,"81,609"
.Get Smart(2008),PG-13,110 min,"Action, Adventure, Comedy",6.5,54,"188,464"
.Never Say Never Again(1983),,134 min,"Action, Adventure, Thriller",6.2,68,"55,448"
.Teenage Mutant Ninja Turtles(2014),PG-13,101 min,"Action, Adventure, Comedy",5.8,31,"190,981"
.The Tourist(2010),PG-13,103 min,"Action, Adventure, Thriller",6.0,37,"204,712"
.After Earth(2013),PG-13,100 min,"Action, Adventure, Sci-Fi",4.8,33,"180,162"
.Zathura: A Space Adventure(2005),PG,101 min,"Action, Adventure, Comedy",6.2,67,"82,864"
.Resident Evil: Apocalypse(2004),R,94 min,"Action, Horror, Sci-Fi",6.2,35,"173,827"
.The Collection(II) (2012),R,82 min,"Action, Horror, Thriller",6.1,38,"41,809"
.The Adventures of Sharkboy and Lavagirl 3-D(2005),PG,93 min,"Action, Adventure, Comedy",3.5,38,"26,367"
.Hardcore Henry(2015),R,96 min,"Action, Adventure, Sci-Fi",6.7,51,"76,505"
.Die Hard: With a Vengeance(1995),R,128 min,"Action, Adventure, Thriller",7.6,58,"337,843"
.Ang-ma-reul bo-at-da(2010),,142 min,"Action, Drama, Horror",7.8,67,"92,342"
.Exodus: Gods and Kings(2014),PG-13,150 min,"Action, Adventure, Drama",6.0,52,"149,553"
.Transformers: Revenge of the Fallen(2009),PG-13,150 min,"Action, Adventure, Sci-Fi",6.0,35,"361,773"
.Demolition Man(1993),R,115 min,"Action, Crime, Sci-Fi",6.6,34,"143,834"
.Hansel & Gretel: Witch Hunters(2013),R,88 min,"Action, Fantasy, Horror",6.1,23,"181,303"
.Bonnie and Clyde(1967),R,111 min,"Action, Biography, Crime",7.9,81,"92,628"
.The Mechanic(2011),R,93 min,"Action, Crime, Thriller",6.6,49,"139,917"
.Midnight Run(1988),,126 min,"Action, Comedy, Crime",7.6,78,"63,727"
.Red Sonja(1985),,89 min,"Action, Adventure, Fantasy",5.1,35,"35,393"
.The Life Aquatic with Steve Zissou(2004),R,119 min,"Action, Adventure, Comedy",7.3,62,"164,475"
.Ronin(1998),R,122 min,"Action, Adventure, Crime",7.3,67,"160,413"
.Jumper(2008),PG-13,88 min,"Action, Adventure, Crime",6.1,35,"269,669"
.Anaconda(1997),PG-13,89 min,"Action, Adventure, Horror",4.7,37,"86,154"
.The Three Musketeers(1993),PG,105 min,"Action, Adventure, Comedy",6.4,No,"46,399"
.Rush Hour 2(2001),PG-13,90 min,"Action, Comedy, Crime",6.6,48,"183,575"
.All Is Lost(2013),PG-13,106 min,"Action, Adventure, Drama",6.9,87,"70,009"
.AVP: Alien vs. Predator(2004),PG-13,101 min,"Action, Adventure, Horror",5.6,29,"171,418"
.Brick(2005),R,110 min,"Action, Crime, Drama",7.4,72,"94,167"
.Snakes on a Plane(2006),R,105 min,"Action, Adventure, Crime",5.5,58,"125,330"
.Taken 3(2014),PG-13,108 min,"Action, Thriller",6.0,26,"162,968"
.Cellular(2004),PG-13,94 min,"Action, Crime, Thriller",6.5,60,"87,152"
.Kung fu(2004),R,99 min,"Action, Comedy, Crime",7.8,78,"114,670"
.Minions(2015),PG,91 min,"Animation, Action, Adventure",6.4,56,"190,582"
.Blood Father(2016),R,88 min,"Action, Crime, Drama",6.4,66,"51,225"
.Enter the Dragon(1973),R,102 min,"Action, Crime, Drama",7.7,83,"87,764"
.Backdraft(1991),R,137 min,"Action, Crime, Drama",6.7,38,"65,485"
.Smokin' Aces(2006),R,109 min,"Action, Crime, Drama",6.7,45,"130,734"
.Non-Stop(2014),PG-13,106 min,"Action, Mystery, Thriller",7.0,56,"232,445"
.Pathfinder(2007),R,99 min,"Action, Adventure, Drama",5.4,29,"40,580"
.Under Siege 2: Dark Territory(1995),R,100 min,"Action, Thriller",5.5,52,"40,776"
.Blackhat(2015),R,133 min,"Action, Crime, Thriller",5.4,51,"47,934"
.Green Zone(2010),R,115 min,"Action, Drama, Thriller",6.8,63,"121,420"
.Red Dawn(1984),,114 min,"Action, Drama",6.4,55,"46,825"
.Ninja Assassin(2009),R,99 min,"Action, Thriller",6.4,34,"64,116"
.George of the Jungle(1997),PG,92 min,"Action, Adventure, Comedy",5.5,53,"64,612"
.Entrapment(1999),PG-13,113 min,"Action, Crime, Romance",6.3,54,"99,583"
.Miami Vice(2006),R,134 min,"Action, Crime, Thriller",6.0,65,"102,485"
.The Adventures of Tintin(2011),PG,107 min,"Animation, Action, Adventure",7.3,68,"200,650"
.Kung Fu Panda 3(2016),PG,95 min,"Animation, Action, Adventure",7.1,66,"113,015"
.TRON(1982),,96 min,"Action, Adventure, Sci-Fi",6.8,58,"105,241"
.Courage Under Fire(1996),R,116 min,"Action, Drama, Mystery",6.6,77,"46,342"
.Spy Kids 3: Game Over(2003),PG,84 min,"Action, Adventure, Comedy",4.2,57,"48,666"
.Charlie's Angels: Full Throttle(2003),PG-13,106 min,"Action, Adventure, Comedy",4.9,48,"111,764"
.Pixels(2015),PG-13,105 min,"Action, Comedy, Sci-Fi",5.6,27,"118,103"
.The Purge: Anarchy(2014),R,103 min,"Action, Horror, Sci-Fi",6.5,50,"124,550"
.Resident Evil: Afterlife(2010),R,96 min,"Action, Adventure, Horror",5.9,37,"151,837"
.The Host(2013),PG-13,125 min,"Action, Adventure, Drama",5.9,35,"104,769"
.Kubo and the Two Strings(2016),PG,101 min,"Animation, Action, Adventure",7.8,84,"103,298"
.30 Days of Night(2007),R,113 min,"Action, Horror, Thriller",6.6,53,"154,743"
.Dark Places(2015),R,113 min,"Action, Drama, Mystery",6.2,39,"37,656"
.Eragon(2006),PG,104 min,"Action, Adventure, Family",5.1,38,"116,669"
.The Finest Hours(2016),PG-13,117 min,"Action, Drama, History",6.8,58,"55,238"
.Resident Evil: Retribution(2012),R,95 min,"Action, Horror, Sci-Fi",5.4,39,"124,029"
.Rush Hour(1998),PG-13,98 min,"Action, Comedy, Crime",7.0,60,"217,568"
.Wrath of the Titans(2012),PG-13,99 min,"Action, Adventure, Fantasy",5.8,37,"170,660"
.Mr. Right(I) (2015),R,95 min,"Action, Comedy, Romance",6.3,52,"40,600"
.Punisher: War Zone(2008),R,103 min,"Action, Adventure, Crime",6.0,30,"56,763"
.The Rundown(2003),PG-13,104 min,"Action, Adventure, Comedy",6.7,59,"94,815"
.Real Steel(2011),PG-13,127 min,"Action, Drama, Family",7.1,56,"281,738"
.Underworld: Rise of the Lycans(2009),R,92 min,"Action, Adventure, Fantasy",6.6,44,"140,781"
.Hitman(I) (2007),R,100 min,"Action, Crime, Drama",6.3,35,"153,079"
.Battlefield Earth(2000),PG-13,118 min,"Action, Adventure, Sci-Fi",2.5,9M,"72,130"
.Self/less(2015),PG-13,117 min,"Action, Mystery, Sci-Fi",6.5,34,"79,688"
.Predator 2(1990),R,108 min,"Action, Horror, Sci-Fi",6.3,46,"131,823"
.Never Back Down(2008),PG-13,110 min,"Action, Drama, Sport",6.6,39,"90,093"
.Kiss Kiss Bang Bang(2005),R,103 min,"Action, Comedy, Crime",7.6,72,"200,752"
.DragonHeart(1996),PG-13,103 min,"Action, Adventure, Fantasy",6.4,No,"85,732"
.RED 2(2013),PG-13,116 min,"Action, Comedy, Crime",6.6,47,"147,125"
.The Mask of Zorro(1998),PG-13,136 min,"Action, Adventure, Comedy",6.7,63,"154,932"
.Tears of the Sun(2003),R,121 min,"Action, Drama, Thriller",6.6,48,"105,731"
.The Sorcerer's Apprentice(2010),PG,109 min,"Action, Adventure, Family",6.1,46,"142,484"
.Monsters vs. Aliens(2009),PG,94 min,"Animation, Action, Adventure",6.5,56,"134,024"
.Clash of the Titans(1981),,118 min,"Action, Adventure, Family",6.9,59,"37,261"
.S.W.A.T.(2003),PG-13,117 min,"Action, Adventure, Crime",6.0,45,"130,552"
.The Purge: Election Year(2016),R,108 min,"Action, Horror, Sci-Fi",6.0,55,"78,614"
.Small Soldiers(1998),PG-13,108 min,"Action, Adventure, Comedy",6.1,No,"85,527"
.Journey to the Center of the Earth(2008),PG,93 min,"Action, Adventure, Family",5.8,57,"103,290"
.Death Race(2008),R,105 min,"Action, Sci-Fi, Thriller",6.4,43,"186,250"
.Spawn(1997),R,96 min,"Action, Horror",5.2,34,"59,471"
.AVPR: Aliens vs Predator - Requiem(2007),R,94 min,"Action, Horror, Sci-Fi",4.7,29,"108,148"
.The Transporter(2002),PG-13,92 min,"Action, Crime, Thriller",6.8,51,"267,224"
.The Brothers Grimm(2005),PG-13,118 min,"Action, Adventure, Comedy",5.9,51,"109,583"
.Underworld Awakening(2012),R,88 min,"Action, Fantasy, Horror",6.4,39,"137,120"
.Super(I) (2010),R,96 min,"Action, Comedy, Drama",6.8,50,"70,010"
.Ying xiong(2002),PG-13,107 min,"Action, Adventure, History",7.9,85,"164,670"
.Swordfish(2001),R,99 min,"Action, Crime, Thriller",6.5,32,"168,014"
.Miss Congeniality(2000),PG-13,109 min,"Action, Comedy, Crime",6.2,43,"166,969"
.Star Trek: Nemesis(2002),PG-13,116 min,"Action, Adventure, Sci-Fi",6.4,51,"67,194"
.Serbuan maut 2: Berandal(2014),R,150 min,"Action, Crime, Thriller",8.0,71,"103,128"
.Knight and Day(2010),PG-13,109 min,"Action, Adventure, Comedy",6.3,46,"168,515"
.47 Ronin(2013),PG-13,128 min,"Action, Adventure, Drama",6.3,28,"134,054"
.Catwoman(2004),PG-13,104 min,"Action, Crime, Fantasy",3.3,27,"100,708"
.2 Guns(2013),R,109 min,"Action, Comedy, Crime",6.7,55,"180,242"
.The French Connection(1971),,104 min,"Action, Crime, Drama",7.8,96,"98,248"
.Species(1995),R,108 min,"Action, Horror, Sci-Fi",5.8,49,"68,470"
.Push(2009),PG-13,111 min,"Action, Sci-Fi, Thriller",6.1,36,"99,835"
.The Belko Experiment(2016),R,89 min,"Action, Horror, Thriller",6.1,44,"37,429"
.Centurion(2010),R,97 min,"Action, Adventure, Drama",6.4,62,"73,376"
.Abduction(I) (2011),PG-13,106 min,"Action, Mystery, Thriller",5.1,25,"71,797"
.Stop! Or My Mom Will Shoot(1992),PG-13,87 min,"Action, Comedy, Family",4.2,No,"35,645"
.A Good Day to Die Hard(2013),R,98 min,"Action, Thriller",5.3,28,"186,770"
.The Boondock Saints II: All Saints Day(2009),R,118 min,"Action, Crime, Thriller",6.3,24,"58,277"
.Patriot Games(1992),R,117 min,"Action, Thriller",6.9,64,"93,093"
.Eight Legged Freaks(2002),PG-13,99 min,"Action, Adventure, Comedy",5.4,53,"49,226"
.Kung Fu Panda 2(2011),PG,90 min,"Animation, Action, Adventure",7.2,67,"224,467"
.Tower Heist(2011),PG-13,104 min,"Action, Comedy, Crime",6.2,59,"124,149"
.Dirty Harry(1971),,102 min,"Action, Crime, Thriller",7.8,90,"130,692"
.The Avengers(1998),PG-13,89 min,"Action, Adventure, Sci-Fi",3.7,12,"38,529"
.Strange Days(1995),R,145 min,"Action, Crime, Drama",7.2,66,"61,999"
.3000 Miles to Graceland(2001),R,125 min,"Action, Comedy, Crime",5.9,21,"41,415"
.Conan the Destroyer(1984),,103 min,"Action, Adventure, Fantasy",5.9,53,"70,659"
.The Guest(I) (2014),R,100 min,"Action, Crime, Horror",6.7,76,"81,112"
.Seventh Son(I) (2014),PG-13,102 min,"Action, Adventure, Fantasy",5.5,30,"65,926"
".I, Frankenstein(2014)",PG-13,92 min,"Action, Fantasy, Horror",5.1,30,"74,354"
.The Guns of Navarone(1961),,158 min,"Action, Adventure, Drama",7.6,No,"41,559"
.Attack the Block(2011),R,88 min,"Action, Comedy, Sci-Fi",6.6,75,"93,121"
.Air Force One(1997),R,124 min,"Action, Drama, Thriller",6.5,61,"165,714"
.Lethal Weapon 2(1989),R,114 min,"Action, Crime, Thriller",7.2,70,"147,410"
.The Cannonball Run(1981),,95 min,"Action, Comedy, Sport",6.2,28,"30,251"
.Wild Wild West(1999),PG-13,106 min,"Action, Comedy, Sci-Fi",4.9,38,"143,337"
.Æon Flux(2005),PG-13,93 min,"Action, Adventure, Drama",5.5,36,"118,676"
.Iron Sky(2012),R,93 min,"Action, Comedy, Sci-Fi",5.9,No,"86,540"
.Crank(2006),R,88 min,"Action, Crime, Thriller",7.0,57,"219,984"
.Yip Man(2008),R,106 min,"Action, Biography, Drama",8.0,59,"194,412"
.Mechanic: Resurrection(2016),R,98 min,"Action, Adventure, Thriller",5.7,38,"65,810"
.U-571(2000),PG-13,116 min,"Action, War",6.6,62,"72,107"
.Osmosis Jones(2001),PG,95 min,"Animation, Action, Adventure",6.3,57,"29,342"
.Salinui chueok(2003),,131 min,"Action, Crime, Drama",8.1,82,"98,196"
.The Covenant(2006),PG-13,97 min,"Action, Fantasy, Horror",5.3,19,"44,108"
.Transporter 2(2005),PG-13,87 min,"Action, Crime, Thriller",6.3,56,"178,120"
.Where Eagles Dare(1968),PG,158 min,"Action, Adventure, War",7.7,No,"46,973"
.The Last Starfighter(1984),,101 min,"Action, Adventure, Sci-Fi",6.7,67,"34,600"
.Tristan + Isolde(2006),PG-13,125 min,"Action, Drama, Romance",6.8,49,"48,541"
.Jason X(2001),R,91 min,"Action, Horror, Sci-Fi",4.4,25,"45,951"
.Priest(2011),PG-13,87 min,"Action, Adventure, Fantasy",5.7,41,"107,365"
.4: Rise of the Silver Surfer(2007),PG,92 min,"Action, Adventure, Fantasy",5.6,45,"236,551"
.The Poseidon Adventure(1972),,117 min,"Action, Adventure, Drama",7.1,70,"37,437"
.The Long Kiss Goodnight(1996),R,121 min,"Action, Crime, Drama",6.8,44,"67,106"
.Resident Evil: Extinction(2007),R,94 min,"Action, Horror, Sci-Fi",6.3,41,"171,695"
.G.I. Jane(1997),R,125 min,"Action, Drama, War",5.9,62,"68,343"
.Universal Soldier(1992),R,102 min,"Action, Sci-Fi",6.0,35,"76,882"
.Once Upon a Time in Mexico(2003),R,102 min,"Action, Thriller",6.4,56,"144,222"
.The Quick and the Dead(1995),R,107 min,"Action, Romance, Thriller",6.4,49,"77,969"
.The Bounty Hunter(I) (2010),PG-13,110 min,"Action, Comedy, Romance",5.6,22,"111,268"
.The Iron Giant(1999),PG,86 min,"Animation, Action, Adventure",8.0,85,"154,801"
.Defiance(I) (2008),R,137 min,"Action, Drama, History",7.2,58,"129,335"
.Unknown(I) (2011),PG-13,113 min,"Action, Mystery, Thriller",6.9,56,"233,527"
.Speed Racer(2008),PG,135 min,"Action, Adventure, Comedy",6.0,37,"64,672"
.The Perfect Storm(2000),PG-13,130 min,"Action, Adventure, Drama",6.4,59,"145,830"
.Season of the Witch(2011),PG-13,95 min,"Action, Adventure, Fantasy",5.4,28,"84,965"
.Tango & Cash(1989),,104 min,"Action, Comedy, Crime",6.4,41,"87,818"
.Next(2007),PG-13,96 min,"Action, Adventure, Crime",6.2,42,"138,842"
.DOA: Dead or Alive(2006),PG-13,87 min,"Action, Adventure",4.8,38,"41,454"
.Dog Soldiers(2002),R,105 min,"Action, Horror, Thriller",6.8,No,"50,753"
.Poseidon(2006),PG-13,98 min,"Action, Adventure, Drama",5.6,50,"91,363"
.The Grey(2011),R,117 min,"Action, Adventure, Drama",6.8,64,"227,007"
.Man on a Ledge(2012),PG-13,102 min,"Action, Adventure, Crime",6.6,40,"136,645"
.Gangs of Wasseypur(2012),,321 min,"Action, Comedy, Crime",8.2,89,"67,880"
.Mortal Kombat: Annihilation(1997),PG-13,95 min,"Action, Adventure, Fantasy",3.7,11,"42,050"
.The Croods(2013),PG,98 min,"Animation, Action, Adventure",7.2,55,"174,955"
.Faster(2010),R,98 min,"Action, Crime, Drama",6.5,44,"92,853"
.Star Trek II: The Wrath of Khan(1982),PG,113 min,"Action, Adventure, Sci-Fi",7.7,67,"104,096"
.Cop Out(2010),R,107 min,"Action, Comedy, Crime",5.6,31,"81,141"
.Westworld(1973),,88 min,"Action, Sci-Fi, Thriller",7.0,77,"46,138"
.BloodRayne(2005),R,95 min,"Action, Adventure, Fantasy",2.9,18,"32,575"
.The Saint(1997),PG-13,116 min,"Action, Adventure, Romance",6.2,50,"57,600"
.Sahara(2005),PG-13,124 min,"Action, Adventure, Comedy",6.0,41,"86,053"
".10,000 BC(2008)",PG-13,109 min,"Action, Adventure, Drama",5.1,34,"119,152"
.Unstoppable(2010),PG-13,98 min,"Action, Thriller",6.8,69,"171,390"
.The Taking of Pelham 123(2009),R,106 min,"Action, Crime, Thriller",6.4,55,"171,478"
.Hitman: Agent 47(2015),R,96 min,"Action, Adventure, Crime",5.7,28,"79,681"
.Battle Los Angeles(2011),PG-13,116 min,"Action, Sci-Fi",5.8,37,"166,049"
.Star Trek: Insurrection(1998),PG,103 min,"Action, Adventure, Sci-Fi",6.4,64,"64,403"
.The Green Hornet(2011),PG-13,119 min,"Action, Comedy, Crime",5.8,39,"147,589"
.Walking Tall(2004),PG-13,86 min,"Action, Crime",6.3,44,"64,985"
.Run All Night(2015),R,114 min,"Action, Crime, Drama",6.6,59,"93,064"
.Cobra(1986),,87 min,"Action, Crime, Thriller",5.7,25,"60,195"
.Young Guns(1988),,107 min,"Action, Western",6.9,50,"49,634"
.Ran(1985),,162 min,"Action, Drama",8.2,96,"98,273"
.Spy Kids 2: Island of Lost Dreams(2002),PG,100 min,"Action, Adventure, Comedy",5.1,66,"53,956"
.RoboCop 2(1990),,117 min,"Action, Crime, Sci-Fi",5.8,42,"74,724"
.Bølgen(2015),R,105 min,"Action, Drama, Thriller",6.7,68,"27,191"
.Ben-Hur(2016),PG-13,123 min,"Action, Adventure, Drama",5.7,38,"37,182"
.The Brave One(2007),R,122 min,"Action, Crime, Drama",6.8,56,"54,975"
.National Treasure: Book of Secrets(2007),PG,124 min,"Action, Adventure, Family",6.5,48,"203,700"
.Le pacte des loups(2001),R,142 min,"Action, Adventure, Drama",7.1,57,"58,218"
.Haywire(2011),R,93 min,"Action, Drama, Thriller",5.8,67,"78,308"
.Lake Placid(1999),R,82 min,"Action, Comedy, Horror",5.7,34,"49,909"
.xXx(2002),PG-13,124 min,"Action, Adventure, Thriller",5.9,48,"164,728"
.The Towering Inferno(1974),,165 min,"Action, Drama, Thriller",6.9,69,"35,328"
.Wild Card(2015),R,92 min,"Action, Crime, Drama",5.6,40,"45,899"
.The Postman(1997),R,177 min,"Action, Adventure, Drama",6.0,29,"63,707"
.Krull(1983),,116 min,"Action, Adventure, Fantasy",6.1,45,"27,403"
.Parker(2013),R,118 min,"Action, Crime, Thriller",6.2,42,"104,444"
.9(I) (2009),PG-13,79 min,"Animation, Action, Adventure",7.1,60,"124,781"
.Judge Dredd(1995),R,96 min,"Action, Crime, Sci-Fi",5.5,No,"102,037"
.Mercury Rising(1998),R,111 min,"Action, Crime, Drama",6.1,37,"62,138"
.Crank: High Voltage(2009),R,96 min,"Action, Crime, Thriller",6.2,41,"130,211"
.Double Impact(1991),R,110 min,"Action, Crime",5.5,No,"34,503"
.The 13th Warrior(1999),R,102 min,"Action, Adventure, History",6.6,42,"109,955"
.Fool's Gold(I) (2008),PG-13,112 min,"Action, Adventure, Comedy",5.7,29,"67,883"
.Star Trek: First Contact(1996),PG-13,111 min,"Action, Adventure, Drama",7.6,71,"109,318"
.The Kingdom(2007),R,110 min,"Action, Drama, Thriller",7.0,56,"111,975"
.Snatched(2017),R,90 min,"Action, Adventure, Comedy",4.5,45,"29,239"
.Tank Girl(1995),R,104 min,"Action, Comedy, Sci-Fi",5.3,No,"27,891"
.To Live and Die in L.A.(1985),,116 min,"Action, Crime, Drama",7.3,81,"25,624"
.The Jackal(1997),R,124 min,"Action, Crime, Drama",6.4,36,"98,693"
.1941(1979),,118 min,"Action, Comedy, War",5.8,34,"28,991"
.Abraham Lincoln: Vampire Hunter(2012),R,105 min,"Action, Fantasy, Horror",5.9,42,"141,842"
.The Last Castle(2001),R,131 min,"Action, Drama, Thriller",6.9,43,"64,826"
.Daybreakers(2009),R,98 min,"Action, Fantasy, Horror",6.5,57,"115,909"
.Red Dawn(2012),PG-13,93 min,"Action, Sci-Fi, Thriller",5.4,31,"69,006"
.Fallen(1998),R,124 min,"Action, Crime, Drama",7.0,No,"67,898"
.Cloudy with a Chance of Meatballs 2(2013),PG,95 min,"Animation, Action, Adventure",6.4,59,"79,646"
.The Hunted(2003),R,94 min,"Action, Crime, Drama",6.1,40,"40,405"
.Angry Birds(2016),PG,97 min,"Animation, Action, Adventure",6.3,43,"68,485"
.The Italian Job(1969),,99 min,"Action, Comedy, Crime",7.3,69,"36,835"
.Hidalgo(2004),PG-13,136 min,"Action, Adventure, Biography",6.7,54,"73,355"
.Jonah Hex(2010),PG-13,81 min,"Action, Drama, Fantasy",4.7,33,"51,321"
.Soldier(I) (1998),R,99 min,"Action, Drama, Sci-Fi",6.0,No,"48,618"
.Three Kings(1999),R,114 min,"Action, Adventure, Comedy",7.1,82,"151,685"
.Romeo Must Die(2000),R,115 min,"Action, Crime, Thriller",6.1,52,"62,826"
.The Longest Day(1962),,178 min,"Action, Drama, History",7.8,No,"48,510"
.Lionheart(1990),R,108 min,"Action, Crime, Drama",6.2,No,"29,525"
.Dracula 2000(2000),R,99 min,"Action, Fantasy, Horror",4.9,26,"30,121"
.Here Comes the Boom(2012),PG,105 min,"Action, Comedy, Sport",6.4,40,"81,192"
.The Core(2003),PG-13,135 min,"Action, Adventure, Sci-Fi",5.5,48,"85,373"
.Taken 2(2012),PG-13,92 min,"Action, Thriller",6.3,45,"270,630"
.Vertical Limit(2000),PG-13,124 min,"Action, Adventure, Drama",5.9,48,"54,821"
.Bullet to the Head(2012),R,92 min,"Action, Crime, Thriller",5.7,48,"44,442"
.Innerspace(1987),,120 min,"Action, Adventure, Comedy",6.8,66,"49,227"
.Hummingbird(I) (2013),R,100 min,"Action, Crime, Drama",6.2,43,"60,628"
.The Edge(1997),R,117 min,"Action, Adventure, Drama",6.9,No,"63,007"
.The Last Boy Scout(1991),R,105 min,"Action, Comedy, Crime",7.0,52,"85,606"
.The Negotiator(1998),R,140 min,"Action, Crime, Drama",7.3,62,"121,174"
.Deep Rising(1998),R,106 min,"Action, Adventure, Horror",6.0,No,"30,443"
.Star Trek VI: The Undiscovered Country(1991),PG,110 min,"Action, Adventure, Sci-Fi",7.2,65,"64,048"
.Team America: World Police(2004),R,98 min,"Action, Comedy",7.2,64,"149,824"
.Hot Shots!(1991),,84 min,"Action, Comedy",6.7,61,"90,863"
.Eagle Eye(2008),PG-13,118 min,"Action, Mystery, Thriller",6.6,43,"166,012"
.American Ultra(2015),R,96 min,"Action, Comedy, Sci-Fi",6.1,50,"75,907"
.Midnight Special(2016),PG-13,112 min,"Action, Drama, Mystery",6.6,76,"67,221"
.Escape from L.A.(1996),R,101 min,"Action, Adventure, Sci-Fi",5.7,54,"63,361"
.Skyline(2010),PG-13,92 min,"Action, Sci-Fi, Thriller",4.4,26,"83,290"
.Harsh Times(2005),R,116 min,"Action, Crime, Drama",6.9,56,"59,790"
.Teenage Mutant Ninja Turtles II: The Secret of the Ooze(1991),,88 min,"Action, Adventure, Comedy",6.0,45,"47,325"
.Pete's Dragon(2016),PG,102 min,"Action, Adventure, Comedy",6.7,71,"48,626"
.Surrogates(2009),PG-13,89 min,"Action, Sci-Fi, Thriller",6.3,45,"162,527"
.Collateral Damage(2002),R,108 min,"Action, Drama, Thriller",5.5,33,"68,008"
.Star Trek: Generations(1994),PG,118 min,"Action, Adventure, Mystery",6.6,55,"69,511"
.Superhero Movie(2008),PG-13,75 min,"Action, Comedy",4.5,33,"59,155"
.Straw Dogs(2011),R,110 min,"Action, Drama, Thriller",5.8,45,"30,510"
.Sky Captain and the World of Tomorrow(2004),PG,106 min,"Action, Adventure, Mystery",6.1,64,"78,293"
.Cyborg(1989),,86 min,"Action, Sci-Fi, Thriller",5.1,No,"26,704"
".Shin seiki Evangelion Gekijô-ban: Air/Magokoro wo, kimi ni(1997)",,90 min,"Animation, Action, Drama",8.3,No,"25,464"
.Ghost Rider: Spirit of Vengeance(2011),PG-13,96 min,"Action, Fantasy, Thriller",4.3,34,"102,323"
.Sabotage(2014),R,109 min,"Action, Crime, Drama",5.7,41,"55,105"
.Gone(I) (2012),PG-13,94 min,"Action, Adventure, Drama",5.9,36,"39,147"
.Chaos(II) (2005),R,106 min,"Action, Crime, Drama",6.5,No,"48,445"
.The International(I) (2009),R,118 min,"Action, Crime, Drama",6.5,52,"86,243"
.The Prophecy(1995),R,98 min,"Action, Crime, Drama",6.5,No,"26,907"
.Bajirao Mastani(2015),,158 min,"Action, Drama, History",7.2,No,"27,911"
.Rescue Dawn(2006),PG-13,120 min,"Action, Adventure, Biography",7.3,77,"94,393"
.The Karate Kid Part II(1986),,113 min,"Action, Family, Romance",6.0,55,"64,718"
.Survivor(I) (2015),PG-13,96 min,"Action, Crime, Thriller",5.6,28,"28,229"
.Crimson Tide(1995),R,116 min,"Action, Drama, Thriller",7.3,66,"92,747"
.Mortdecai(2015),R,107 min,"Action, Comedy, Crime",5.5,27,"60,519"
.Nikita(1990),,117 min,"Action, Thriller",7.4,56,"62,199"
.Lara Croft Tomb Raider: The Cradle of Life(2003),PG-13,117 min,"Action, Adventure, Fantasy",5.5,43,"120,642"
.Bastille Day(2016),R,92 min,"Action, Crime, Drama",6.3,48,"30,227"
.Dead Man Down(2013),R,118 min,"Action, Crime, Drama",6.5,39,"60,835"
.Domino(2005),R,127 min,"Action, Biography, Crime",6.0,36,"62,104"
.Flightplan(2005),PG-13,98 min,"Action, Drama, Mystery",6.3,53,"142,285"
.Rio Bravo(1959),,141 min,"Action, Drama, Western",8.0,No,"50,297"
.Superman III(1983),,125 min,"Action, Comedy, Sci-Fi",4.9,44,"58,867"
.Rush Hour 3(2007),PG-13,91 min,"Action, Comedy, Crime",6.2,44,"139,857"
.Ultraviolet(2006),PG-13,88 min,"Action, Adventure, Sci-Fi",4.4,18,"76,070"
.In the Line of Fire(1993),R,128 min,"Action, Crime, Drama",7.2,74,"84,199"
.Paul Blart: Mall Cop(2009),PG,91 min,"Action, Comedy, Crime",5.2,39,"94,407"
.The Phantom(1996),PG,100 min,"Action, Adventure, Comedy",4.9,No,"30,335"
.The Legend of Hercules(2014),PG-13,99 min,"Action, Adventure, Fantasy",4.2,22,"49,988"
.RoboCop 3(1993),PG-13,104 min,"Action, Crime, Sci-Fi",4.0,40,"41,836"
.Henry V(1989),PG-13,137 min,"Action, Biography, Drama",7.6,83,"26,295"
.Legend of the Guardians: The Owls of Ga'Hoole(2010),PG,97 min,"Animation, Action, Adventure",7.0,53,"73,248"
.Superman II(1980),,127 min,"Action, Adventure, Sci-Fi",6.8,87,"89,664"
.Volcano(1997),PG-13,104 min,"Action, Drama, Sci-Fi",5.5,55,"66,591"
.The Way of the Gun(2000),R,119 min,"Action, Crime, Drama",6.7,49,"30,035"
.The Gunman(2015),R,115 min,"Action, Crime, Drama",5.8,39,"35,671"
.Snitch(I) (2013),PG-13,112 min,"Action, Drama, Thriller",6.5,51,"77,330"
.The Transporter Refueled(2015),PG-13,96 min,"Action, Adventure, Crime",5.2,32,"35,776"
.Blown Away(1994),R,121 min,"Action, Crime, Drama",6.2,No,"26,077"
.Six Days Seven Nights(1998),PG-13,98 min,"Action, Adventure, Comedy",5.8,51,"67,880"
.Dante's Peak(1997),PG-13,108 min,"Action, Adventure, Thriller",5.9,43,"72,704"
.48 Hrs.(1982),,96 min,"Action, Comedy, Crime",6.9,71,"62,291"
.Yip Man 3(2015),PG-13,105 min,"Action, Biography, Drama",7.1,57,"37,573"
.The November Man(2014),R,108 min,"Action, Crime, Thriller",6.3,38,"58,787"
.Meng long guo jiang(1972),,100 min,"Action, Adventure, Crime",7.3,58,"28,045"
.Days of Thunder(1990),,107 min,"Action, Drama, Sport",6.0,60,"71,307"
.Big Stan(2007),R,105 min,"Action, Comedy",6.2,No,"38,735"
.Timeline(2003),PG-13,116 min,"Action, Adventure, Sci-Fi",5.6,28,"57,066"
.Maximum Overdrive(1986),,98 min,"Action, Comedy, Horror",5.4,24,"27,206"
.Outbreak(1995),R,127 min,"Action, Drama, Thriller",6.6,65,"99,940"
.The Karate Kid Part III(1989),,112 min,"Action, Drama, Family",5.1,36,"43,429"
.Ghosts of Mars(2001),R,98 min,"Action, Horror, Sci-Fi",4.9,35,"47,820"
.Titan A.E.(2000),PG,94 min,"Animation, Action, Adventure",6.6,48,"56,052"
.xXx: State of the Union(2005),PG-13,101 min,"Action, Crime, Thriller",4.4,37,"63,137"
.Maverick(1994),PG,127 min,"Action, Adventure, Comedy",7.0,62,"94,101"
.Gwoemul(2006),R,120 min,"Action, Drama, Horror",7.0,85,"83,571"
.Grosse Pointe Blank(1997),R,107 min,"Action, Comedy, Crime",7.4,76,"81,584"
.The Darkest Hour(2011),PG-13,89 min,"Action, Adventure, Horror",4.9,18,"54,706"
.Act of Valor(2012),R,110 min,"Action, Adventure, Drama",6.5,40,"63,481"
.Rogue(2007),R,99 min,"Action, Adventure, Horror",6.2,No,"25,136"
.Hard Target(1993),R,97 min,"Action, Adventure, Drama",6.1,No,"40,322"
.Running Scared(2006),R,122 min,"Action, Crime, Drama",7.4,41,"93,550"
.The Whistleblower(2010),R,112 min,"Action, Biography, Crime",7.2,59,"29,549"
.Daylight(1996),PG-13,114 min,"Action, Adventure, Drama",5.9,No,"60,804"
.Race to Witch Mountain(2009),PG,98 min,"Action, Adventure, Family",5.7,52,"50,493"
.Hot Shots! Part Deux(1993),PG-13,86 min,"Action, Comedy",6.6,No,"77,345"
.Payback(I) (1999),R,100 min,"Action, Crime, Drama",7.1,46,"123,852"
.MacGruber(2010),R,90 min,"Action, Comedy, Romance",5.5,43,"39,435"
.Land of the Lost(2009),PG-13,102 min,"Action, Adventure, Comedy",5.4,32,"59,955"
.From Paris with Love(2010),R,92 min,"Action, Crime, Thriller",6.5,42,"106,413"
.The Sum of All Fears(2002),PG-13,124 min,"Action, Drama, Thriller",6.4,45,"96,143"
.Street Kings(2008),R,109 min,"Action, Crime, Drama",6.8,55,"102,051"
.Taxi(I) (2004),PG-13,97 min,"Action, Comedy, Crime",4.5,27,"37,576"
.Erased(2012),R,100 min,"Action, Thriller",6.1,34,"27,003"
.Ajeossi(2010),R,119 min,"Action, Drama, Thriller",7.8,No,"54,379"
.The Black Cauldron(1985),PG,80 min,"Animation, Action, Adventure",6.5,59,"26,957"
.Hostage(2005),R,113 min,"Action, Crime, Drama",6.6,44,"101,826"
.Kickboxer(1989),,97 min,"Action, Sport, Thriller",6.4,33,"44,306"
.First Knight(1995),PG-13,134 min,"Action, Adventure, Romance",5.9,No,"62,841"
.Anacondas: The Hunt for the Blood Orchid(2004),PG-13,97 min,"Action, Adventure, Horror",4.6,40,"25,767"
.Speed 2: Cruise Control(1997),PG-13,121 min,"Action, Adventure, Crime",3.8,23,"68,771"
.Koroshiya 1(2001),R,129 min,"Action, Comedy, Crime",7.1,55,"48,181"
.The Eagle(2011),PG-13,114 min,"Action, Adventure, Drama",6.2,55,"60,838"
.Vampires(1998),R,108 min,"Action, Horror, Thriller",6.1,42,"48,452"
.Last Knights(2015),R,115 min,"Action, Adventure, Drama",6.2,27,"35,367"
.Hit and Run(2012),R,100 min,"Action, Comedy, Romance",6.1,50,"32,235"
.Lockout(2012),PG-13,95 min,"Action, Adventure, Crime",6.1,48,"89,073"
.Into the Storm(2014),PG-13,89 min,"Action, Thriller",5.8,44,"60,374"
.The 6th Day(2000),PG-13,123 min,"Action, Mystery, Sci-Fi",5.9,49,"109,752"
.Revolver(2005),R,111 min,"Action, Crime, Drama",6.5,25,"83,415"
.The Forbidden Kingdom(2008),PG-13,104 min,"Action, Adventure, Fantasy",6.6,57,"96,213"
.The Watch(I) (2012),R,102 min,"Action, Comedy, Horror",5.7,36,"115,020"
.Young Guns II(1990),,104 min,"Action, Western",6.5,47,"28,028"
.Behind Enemy Lines(2001),PG-13,106 min,"Action, Drama, Thriller",6.4,49,"94,124"
.The Golden Child(1986),,94 min,"Action, Adventure, Comedy",5.9,37,"46,444"
.Over the Top(1987),,93 min,"Action, Drama, Sport",5.7,40,"45,148"
.The Man Who Knew Too Little(1997),PG,94 min,"Action, Comedy, Crime",6.6,No,"27,434"
.Kiss of the Dragon(2001),R,98 min,"Action, Crime, Drama",6.6,58,"57,697"
.The Guardian(I) (2006),,139 min,"Action, Adventure, Drama",6.9,53,"82,553"
.One for the Money(2012),PG-13,91 min,"Action, Comedy, Crime",5.3,22,"38,218"
.The Jewel of the Nile(1985),,106 min,"Action, Adventure, Comedy",6.1,No,"45,960"
.'71(2014),R,99 min,"Action, Drama, Thriller",7.2,83,"45,507"
.Shoot 'Em Up(2007),R,86 min,"Action, Comedy, Crime",6.7,49,"139,194"
.Puss in Boots(2011),PG,90 min,"Animation, Action, Adventure",6.6,65,"131,819"
.Ice Age: Dawn of the Dinosaurs(2009),PG,94 min,"Animation, Action, Adventure",7.0,50,"200,587"
.The War of the Worlds(1953),,85 min,"Action, Sci-Fi, Thriller",7.2,No,"29,211"
.The Legend of Zorro(2005),PG,129 min,"Action, Adventure, Romance",5.9,47,"84,830"
.Safe(I) (2012),R,94 min,"Action, Crime, Thriller",6.5,55,"95,478"
.Inspector Gadget(1999),PG,78 min,"Action, Adventure, Comedy",4.1,36,"41,540"
.Blitz(2011),R,97 min,"Action, Crime, Thriller",6.2,No,"76,611"
.New Jack City(1991),R,97 min,"Action, Crime, Drama",6.6,61,"28,311"
.Johnny Mnemonic(1995),R,96 min,"Action, Sci-Fi, Thriller",5.6,No,"61,785"
.Red River(1948),,133 min,"Action, Adventure, Romance",7.8,No,"25,138"
.Red State(2011),R,88 min,"Action, Crime, Horror",6.2,50,"58,936"
.Solomon Kane(2009),R,104 min,"Action, Adventure, Fantasy",6.1,48,"65,537"
.Conspiracy Theory(1997),R,135 min,"Action, Mystery, Thriller",6.7,49,"86,647"
.Gekijô-ban poketto monsutâ - Myûtsû no gyakushû(1998),,96 min,"Animation, Action, Adventure",6.1,35,"34,959"
.Assault on Precinct 13(1976),,91 min,"Action, Crime, Thriller",7.4,89,"38,700"
.The Adventures of Robin Hood(1938),PG,102 min,"Action, Adventure, Romance",8.0,97,"43,506"
.Darkman(1990),,96 min,"Action, Crime, Sci-Fi",6.4,65,"53,694"
.Get the Gringo(2012),R,96 min,"Action, Crime, Drama",7.0,60,"97,278"
.Taxi(I) (1998),,86 min,"Action, Comedy, Crime",7.0,No,"70,831"
.Lethal Weapon 3(1992),R,118 min,"Action, Crime, Thriller",6.7,40,"144,607"
.Repo Men(2010),R,111 min,"Action, Crime, Sci-Fi",6.3,32,"95,395"
.Black Death(2010),R,102 min,"Action, Adventure, Drama",6.4,71,"40,685"
.Agent Cody Banks(2003),PG,102 min,"Action, Adventure, Comedy",5.1,41,"30,499"
.Tora! Tora! Tora!(1970),,144 min,"Action, Drama, History",7.5,46,"28,878"
.Key Largo(1948),,100 min,"Action, Crime, Drama",7.9,No,"33,591"
.Lethal Weapon 4(1998),R,127 min,"Action, Crime, Thriller",6.6,37,"142,373"
.Paycheck(2003),PG-13,119 min,"Action, Crime, Drama",6.3,43,"97,513"
.Seraphim Falls(2006),R,115 min,"Action, Drama, Thriller",6.7,62,"27,504"
.Black Rain(1989),,125 min,"Action, Crime, Thriller",6.6,56,"45,068"
.Shanghai Noon(2000),PG-13,110 min,"Action, Adventure, Comedy",6.6,77,"110,784"
.The Man with the Iron Fists(2012),R,95 min,Action,5.4,51,"57,932"
.Shi mian mai fu(2004),PG-13,119 min,"Action, Adventure, Drama",7.6,89,"101,460"
.The Condemned(2007),R,113 min,"Action, Crime, Thriller",6.1,23,"48,152"
.Beverly Hills Cop II(1987),,100 min,"Action, Comedy, Crime",6.5,48,"97,558"
.Ghajini(2008),,183 min,"Action, Drama, Mystery",7.3,No,"50,902"
.Basic(2003),R,98 min,"Action, Crime, Drama",6.5,34,"55,569"
.Ransom(1996),R,121 min,"Action, Crime, Thriller",6.6,60,"110,300"
.30 Minutes or Less(2011),R,83 min,"Action, Comedy, Crime",6.1,49,"86,521"
.Hudson Hawk(1991),R,100 min,"Action, Adventure, Comedy",5.8,17,"48,346"
.Blood and Bone(2009),R,93 min,"Action, Drama",6.7,No,"29,219"
.Absolute Power(1997),R,121 min,"Action, Crime, Drama",6.7,52,"45,669"
.The Cave(2005),PG-13,97 min,"Action, Adventure, Horror",5.1,30,"32,676"
.Shanghai Knights(2003),PG-13,114 min,"Action, Adventure, Comedy",6.2,58,"93,195"
.Black Dynamite(2009),R,84 min,"Action, Comedy",7.4,65,"42,450"
.In the Name of the King: A Dungeon Siege Tale(2007),PG-13,127 min,"Action, Adventure, Fantasy",3.8,15,"41,920"
.El mariachi(1992),R,81 min,"Action, Crime, Thriller",6.9,73,"58,595"
.Death Sentence(2007),R,105 min,"Action, Crime, Thriller",6.8,36,"65,812"
00.The Siege(1998),R,116 min,"Action, Thriller",6.3,53,"64,263"
01.Chugyeogja(2008),,125 min,"Action, Crime, Thriller",7.9,64,"48,684"
02.Enemy Mine(1985),,108 min,"Action, Adventure, Drama",6.9,59,"39,667"
03.Superman IV: The Quest for Peace(1987),,90 min,"Action, Adventure, Family",3.7,24,"38,935"
04.Cirque du Freak: The Vampire's Assistant(2009),PG-13,109 min,"Action, Adventure, Fantasy",5.9,43,"40,023"
05.The Colony(I) (2013),,95 min,"Action, Horror, Sci-Fi",5.3,28,"40,352"
06.Outlander(2008),R,115 min,"Action, Adventure, Sci-Fi",6.3,40,"68,568"
07.Blues Brothers 2000(1998),PG-13,123 min,"Action, Comedy, Crime",4.8,No,"29,365"
08.Highlander II: The Quickening(1991),R,91 min,"Action, Adventure, Fantasy",4.1,31,"40,850"
09.The Specialist(1994),R,110 min,"Action, Crime, Drama",5.5,No,"57,782"
10.Transporter 3(2008),PG-13,104 min,"Action, Crime, Thriller",6.1,51,"145,770"
11.Vantage Point(2008),PG-13,90 min,"Action, Crime, Drama",6.6,40,"138,076"
12.The One(2001),PG-13,87 min,"Action, Sci-Fi, Thriller",5.9,25,"84,831"
13.TMNT(2007),PG,87 min,"Animation, Action, Adventure",6.3,41,"57,945"
14.Congo(1995),PG-13,109 min,"Action, Adventure, Mystery",5.1,22,"38,794"
15.Don 2(2011),,148 min,"Action, Crime, Thriller",7.1,49,"46,093"
16.The Rover(2014),R,103 min,"Action, Crime, Drama",6.4,64,"40,045"
17.Ong-bak(2003),R,108 min,"Action, Crime, Thriller",7.2,69,"67,022"
18.The Tuxedo(2002),PG-13,98 min,"Action, Comedy, Sci-Fi",5.4,30,"72,379"
19.Tropa de Elite(2007),R,115 min,"Action, Crime, Drama",8.1,33,"91,756"
20.The Dead Pool(1988),,91 min,"Action, Crime, Mystery",6.3,46,"36,453"
21.Bahubali: The Beginning(2015),,159 min,"Action, Drama",8.2,No,"92,028"
22.Whiteout(2009),R,101 min,"Action, Crime, Horror",5.5,No,"35,341"
23.Stealth(2005),PG-13,121 min,"Action, Adventure, Sci-Fi",5.0,35,"49,383"
24.Siu Lam juk kau(2001),PG,113 min,"Action, Comedy, Fantasy",7.3,68,"67,695"
25.Yi dai zong shi(2013),PG-13,130 min,"Action, Biography, Drama",6.6,73,"28,481"
26.Star Trek V: The Final Frontier(1989),,107 min,"Action, Adventure, Fantasy",5.5,43,"51,082"
27.Alex Cross(2012),PG-13,101 min,"Action, Crime, Mystery",5.1,30,"30,778"
28.Banlieue 13(2004),R,84 min,"Action, Crime, Sci-Fi",7.2,70,"62,255"
29.Ride Along(2014),PG-13,99 min,"Action, Comedy, Crime",6.2,41,"93,170"
30.Heist(2001),R,109 min,"Action, Crime, Drama",6.5,66,"30,944"
31.Harry Brown(2009),R,103 min,"Action, Crime, Drama",7.2,55,"80,375"
32.Red Planet(2000),PG-13,106 min,"Action, Sci-Fi, Thriller",5.7,34,"52,167"
33.Ironclad(2011),R,121 min,"Action, Adventure, Drama",6.2,42,"38,157"
34.The Omega Man(1971),,98 min,"Action, Sci-Fi, Thriller",6.6,56,"26,420"
35.Big Momma's House(2000),PG-13,99 min,"Action, Comedy, Crime",5.1,33,"75,368"
36.Kung Pow: Enter the Fist(2002),PG-13,81 min,"Action, Comedy",6.2,14,"41,326"
37.Batman: The Killing Joke(2016),R,76 min,"Animation, Action, Crime",6.5,No,"42,144"
38.Star Trek III: The Search for Spock(1984),,105 min,"Action, Adventure, Sci-Fi",6.7,56,"67,937"
39.After the Sunset(2004),PG-13,97 min,"Action, Comedy, Crime",6.3,38,"41,989"
40.Around the World in 80 Days(2004),PG,120 min,"Action, Adventure, Comedy",5.9,49,"78,224"
41.Broken Arrow(1996),R,108 min,"Action, Adventure, Thriller",6.0,61,"85,135"
42.Autómata(I) (2014),R,109 min,"Action, Sci-Fi, Thriller",6.1,37,"50,464"
43.Flyboys(2006),PG-13,140 min,"Action, Adventure, Drama",6.5,47,"39,225"
44.Unleashed(2005),R,103 min,"Action, Crime, Drama",7.0,58,"93,382"
45.Above the Law(1988),,99 min,"Action, Crime, Drama",6.0,45,"26,052"
46.Brick Mansions(2014),PG-13,90 min,"Action, Crime",5.7,40,"37,216"
47.Miss Congeniality 2: Armed & Fabulous(2005),PG-13,115 min,"Action, Comedy, Crime",5.1,34,"62,877"
48.Jûbê ninpûchô(1993),,94 min,"Animation, Action, Adventure",7.9,No,"31,120"
49.Yôjinbô(1961),,110 min,"Action, Drama, Thriller",8.3,No,"95,135"
50.Executive Decision(1996),R,133 min,"Action, Adventure, Thriller",6.4,62,"46,205"
51.Reindeer Games(2000),R,104 min,"Action, Adventure, Crime",5.7,37,"35,185"
52.The Net(1995),PG-13,114 min,"Action, Crime, Drama",5.9,51,"55,684"
53.Cats & Dogs(2001),PG,87 min,"Action, Comedy, Family",5.1,47,"52,380"
54.Dalkomhan insaeng(2005),,120 min,"Action, Drama",7.6,No,"31,151"
55.Chi bi(2008),R,146 min,"Action, Adventure, Drama",7.4,73,"41,039"
56.The Hills Have Eyes II(2007),R,89 min,"Action, Horror, Thriller",5.1,32,"56,595"
57.Man of Tai Chi(2013),R,105 min,"Action, Drama",6.1,52,"32,498"
58.Loaded Weapon 1(1993),PG-13,84 min,"Action, Comedy, Crime",6.1,No,"41,443"
59.Final Fantasy: The Spirits Within(2001),PG-13,106 min,"Animation, Action, Adventure",6.4,49,"77,564"
60.Blood Work(2002),R,110 min,"Action, Crime, Drama",6.4,64,"39,110"
61.Red Heat(1988),,104 min,"Action, Comedy, Crime",6.1,61,"58,244"
62.Assassins(1995),R,132 min,"Action, Crime, Thriller",6.3,No,"72,015"
63.Red Tails(2012),PG-13,125 min,"Action, Adventure, Drama",5.9,46,"31,612"
64.The Spy Next Door(2010),PG,94 min,"Action, Comedy, Family",5.5,27,"36,283"
65.Feast(2005),R,95 min,"Action, Comedy, Horror",6.3,43,"27,954"
66.Windtalkers(2002),R,134 min,"Action, Drama, War",6.0,51,"61,825"
67.Firestarter(1984),,114 min,"Action, Horror, Sci-Fi",6.0,50,"26,632"
68.The Transformers: The Movie(1986),,84 min,"Animation, Action, Adventure",7.3,No,"35,344"
69.The Devil's Own(1997),R,111 min,"Action, Crime, Drama",6.1,53,"53,054"
70.Get Carter(2000),R,102 min,"Action, Crime, Drama",5.1,24,"30,539"
71.Raw Deal(1986),R,106 min,"Action, Crime, Thriller",5.5,44,"27,289"
72.Magnum Force(1973),,124 min,"Action, Crime, Mystery",7.2,58,"50,569"
73.Last Man Standing(1996),R,101 min,"Action, Crime, Drama",6.4,No,"49,768"
74.Big Game(2014),PG-13,90 min,"Action, Adventure, Crime",5.4,53,"28,282"
75.A Man Apart(2003),R,109 min,"Action, Crime, Drama",6.1,36,"42,099"
76.Yip Man 2(2010),R,108 min,"Action, Drama, Sport",7.6,67,"85,387"
77.Alan Partridge: Alpha Papa(2013),R,90 min,"Action, Comedy, Crime",6.9,66,"27,720"
78.War(2007),R,103 min,"Action, Crime, Thriller",6.3,36,"80,336"
79.Boksuneun naui geot(2002),R,129 min,"Action, Drama, Thriller",7.7,56,"55,454"
80.Machine Gun Preacher(2011),R,129 min,"Action, Biography, Crime",6.8,43,"59,642"
81.Hard to Kill(1990),,96 min,"Action, Crime, Drama",5.8,41,"25,179"
82.Son of Rambow(2007),PG-13,96 min,"Action, Adventure, Comedy",7.0,66,"29,444"
83.Sudden Impact(1983),,117 min,"Action, Crime, Thriller",6.6,52,"36,668"
84.The Big Hit(1998),R,91 min,"Action, Comedy, Crime",6.1,31,"26,948"
85.Mighty Joe Young(1998),PG,114 min,"Action, Adventure, Family",5.6,51,"25,771"
86.Ride Along 2(2016),PG-13,102 min,"Action, Comedy",5.9,32,"47,733"
87.The Getaway(1972),,123 min,"Action, Crime, Thriller",7.5,55,"25,005"
88.Dag II(2016),,135 min,"Action, Drama, War",9.3,No,"99,922"
89.Blue Streak(1999),PG-13,93 min,"Action, Comedy, Crime",6.3,46,"68,432"
90.Virtuosity(1995),R,106 min,"Action, Crime, Sci-Fi",5.6,39,"26,086"
91.G-Force(2009),PG,88 min,"Animation, Action, Adventure",5.1,41,"38,586"
92.Dungeons & Dragons(2000),PG-13,107 min,"Action, Adventure, Fantasy",3.7,14,"30,143"
93.The Machine(I) (2013),R,91 min,"Action, Drama, Sci-Fi",6.1,52,"28,562"
94.Bulletproof Monk(2003),PG-13,104 min,"Action, Comedy, Fantasy",5.5,40,"45,652"
95.Double Team(1997),R,93 min,"Action, Comedy, Sci-Fi",4.7,No,"28,907"
96.Breakdown(I) (1997),R,93 min,"Action, Crime, Drama",6.9,73,"43,935"
97.The Sentinel(2006),PG-13,108 min,"Action, Crime, Thriller",6.1,49,"45,638"
98.Jûsan-nin no shikaku(2010),R,141 min,"Action, Adventure, Drama",7.6,84,"57,740"
99.Babylon A.D.(2008),PG-13,90 min,"Action, Adventure, Sci-Fi",5.6,26,"89,187"
00.Killing Season(2013),R,91 min,"Action, Drama, Thriller",5.4,25,"33,203"
01.The Last Legion(2007),PG-13,101 min,"Action, Adventure, War",5.4,37,"32,423"
02.Flight of the Phoenix(2004),PG-13,113 min,"Action, Adventure, Drama",6.1,47,"49,463"
03.Hot Pursuit(2015),PG-13,87 min,"Action, Comedy, Crime",5.1,31,"44,285"
04.Premium Rush(2012),PG-13,91 min,"Action, Crime, Thriller",6.5,66,"104,652"
05.The Cold Light of Day(2012),PG-13,93 min,"Action, Thriller",4.9,22,"32,773"
06.Beverly Hills Cop III(1994),R,104 min,"Action, Comedy, Crime",5.5,16,"69,841"
07.Teenage Mutant Ninja Turtles III(1993),PG,96 min,"Action, Adventure, Comedy",4.8,40,"28,362"
08.Jimmy Neutron: Boy Genius(2001),,82 min,"Animation, Action, Adventure",6.0,65,"27,889"
09.House of the Dead(2003),R,90 min,"Action, Adventure, Horror",2.0,15,"34,481"
10.Driven(2001),PG-13,116 min,"Action, Drama, Sport",4.6,29,"37,333"
11.Striking Distance(1993),R,102 min,"Action, Crime, Mystery",5.8,No,"37,618"
12.Welcome to the Punch(2013),R,99 min,"Action, Crime, Thriller",6.1,49,"30,371"
13.Huo yuanjia(2006),PG-13,104 min,"Action, Biography, Drama",7.7,70,"68,737"
14.Species II(1998),R,93 min,"Action, Horror, Sci-Fi",4.3,19,"25,355"
15.Beverly Hills Ninja(1997),PG-13,88 min,"Action, Comedy",5.5,27,"35,270"
16.Mongol(2007),R,126 min,"Action, Adventure, Biography",7.3,74,"41,903"
17.Timecop(1994),R,99 min,"Action, Crime, Sci-Fi",5.9,48,"51,117"
18.Zui quan(1978),PG-13,111 min,"Action, Comedy",7.6,No,"31,600"
19.Exit Wounds(2001),R,101 min,"Action, Comedy, Crime",5.5,39,"30,099"
20.Alone in the Dark(2005),R,96 min,"Action, Horror, Sci-Fi",2.3,9M,"40,187"
21.The Marine(2006),PG-13,92 min,"Action, Drama, Thriller",4.7,45,"30,578"
22.Ghost Dog: The Way of the Samurai(1999),R,116 min,"Action, Crime, Drama",7.5,67,"78,823"
23.The Replacement Killers(1998),R,87 min,"Action, Crime, Thriller",6.1,42,"25,406"
24.The Double(I) (2011),PG-13,98 min,"Action, Crime, Drama",5.9,37,"26,805"
25.Beneath the Planet of the Apes(1970),,95 min,"Action, Adventure, Sci-Fi",6.1,46,"38,463"
26.Dragon: The Bruce Lee Story(1993),PG-13,120 min,"Action, Biography, Drama",7.0,No,"25,049"
27.Celda 211(2009),,113 min,"Action, Crime, Drama",7.7,No,"58,884"
28.Murder at 1600(1997),R,107 min,"Action, Crime, Drama",6.1,47,"26,532"
29.Seeking Justice(2011),R,105 min,"Action, Crime, Drama",6.2,38,"42,587"
30.The 51st State(2001),R,93 min,"Action, Comedy, Crime",6.3,23,"45,833"
31.Astro Boy(2009),PG,94 min,"Animation, Action, Comedy",6.3,53,"30,151"
32.16 Blocks(2006),PG-13,102 min,"Action, Crime, Drama",6.6,63,"121,097"
33.Cradle 2 the Grave(2003),R,101 min,"Action, Crime, Drama",5.8,36,"38,828"
34.Paul Blart: Mall Cop 2(2015),PG,94 min,"Action, Comedy, Crime",4.4,13,"30,357"
35.Undisputed(2002),R,94 min,"Action, Crime, Drama",6.2,58,"26,518"
36.L'immortel(2010),,117 min,"Action, Crime, Thriller",6.7,No,"30,042"
37.Kangaroo Jack(2003),PG,89 min,"Action, Adventure, Comedy",4.4,16,"26,747"
38.Baahubali 2: The Conclusion(2017),,167 min,"Action, Drama",8.3,No,"64,275"
39.Passenger 57(1992),R,84 min,"Action, Crime, Thriller",5.9,No,"41,774"
40.Bulletproof(1996),R,84 min,"Action, Comedy, Crime",5.8,30,"32,790"
41.The Recruit(2003),PG-13,115 min,"Action, Thriller",6.6,56,"123,487"
"42.Tomorrow, When the War Began(2010)",R,103 min,"Action, Adventure, Drama",6.2,54,"29,071"
43.Star Wars: The Clone Wars(2008),PG,98 min,"Animation, Action, Adventure",5.9,35,"49,812"
44.The Peacemaker(1997),R,124 min,"Action, Thriller",5.9,43,"50,813"
45.Bandidas(2006),PG-13,93 min,"Action, Comedy, Crime",5.7,No,"32,080"
46.Fortress(1992),R,95 min,"Action, Crime, Sci-Fi",5.9,No,"25,784"
47.Chain Reaction(1996),PG-13,107 min,"Action, Drama, Sci-Fi",5.6,No,"44,788"
48.Nothing to Lose(1997),R,98 min,"Action, Adventure, Comedy",6.7,No,"40,955"
49.Traitor(2008),PG-13,114 min,"Action, Crime, Drama",7.0,60,"52,863"
50.Undercover Brother(2002),PG-13,86 min,"Action, Comedy",5.8,69,"31,799"
51.Stolen(2012),R,96 min,"Action, Crime, Drama",5.5,43,"41,044"
52.The Enforcer(1976),,96 min,"Action, Crime, Thriller",6.8,58,"37,494"
53.Man cheng jin dai huang jin jia(2006),R,111 min,"Action, Drama, Romance",7.0,70,"39,901"
54.Lat sau san taam(1992),R,128 min,"Action, Crime, Drama",7.9,No,"43,198"
55.Wild Target(2010),PG-13,98 min,"Action, Comedy, Crime",6.8,41,"33,663"
56.The Brothers Bloom(2008),PG-13,114 min,"Action, Adventure, Comedy",6.8,55,"46,047"
57.I Spy(2002),PG-13,97 min,"Action, Adventure, Comedy",5.4,35,"45,919"
58.National Security(2003),PG-13,88 min,"Action, Comedy, Crime",5.6,31,"43,869"
59.Torque(2004),PG-13,84 min,"Action, Comedy, Crime",4.1,41,"25,712"
60.The Fan(1996),R,116 min,"Action, Drama, Sport",5.8,32,"43,077"
61.Hobo with a Shotgun(2011),,86 min,"Action, Comedy, Horror",6.1,55,"41,338"
62.Bird on a Wire(1990),,110 min,"Action, Comedy",5.9,36,"36,300"
63.Tropa de Elite 2: O Inimigo Agora é Outro(2010),,115 min,"Action, Crime, Drama",8.1,71,"74,515"
64.Hung fan kui(1995),R,104 min,"Action, Comedy, Crime",6.8,61,"35,327"
65.The General(1926),,67 min,"Action, Adventure, Comedy",8.2,No,"70,775"
66.Ladder 49(2004),PG-13,115 min,"Action, Drama, Thriller",6.5,47,"52,237"
67.Batman: Mask of the Phantasm(1993),PG,76 min,"Animation, Action, Adventure",7.9,No,"37,724"
68.K-9(1989),,101 min,"Action, Comedy, Crime",6.0,44,"29,248"
69.Bad Company(2002),PG-13,116 min,"Action, Adventure, Comedy",5.6,37,"42,859"
70.The Skulls(2000),PG-13,106 min,"Action, Crime, Drama",5.6,24,"29,378"
71.Proof of Life(2000),R,135 min,"Action, Drama, Thriller",6.2,45,"52,675"
72.Spy Hard(1996),PG-13,81 min,"Action, Comedy",5.3,25,"33,701"
73.Sudden Death(1995),R,111 min,"Action, Crime, Thriller",5.7,No,"29,583"
74.Tom yum goong(2005),R,111 min,"Action, Crime, Drama",7.1,52,"33,162"
75.Banlieue 13: Ultimatum(2009),R,101 min,"Action, Crime, Thriller",6.5,64,"40,847"
76.Assault on Precinct 13(2005),R,109 min,"Action, Crime, Drama",6.3,54,"70,546"
77.The Medallion(2003),PG-13,88 min,"Action, Comedy, Fantasy",5.2,38,"35,791"
78.Baby(I) (2015),,159 min,"Action, Thriller",8.0,No,"47,600"
79.15 Minutes(2001),R,120 min,"Action, Crime, Drama",6.1,34,"46,218"
80.Haider(2014),,160 min,"Action, Crime, Drama",8.1,No,"45,377"
81.Money Train(1995),R,110 min,"Action, Comedy, Crime",5.6,No,"36,084"
82.Rising Sun(1993),R,125 min,"Action, Crime, Drama",6.2,56,"39,206"
83.Dip huet seung hung(1989),R,111 min,"Action, Crime, Drama",7.8,No,"42,719"
84.Hard Rain(1998),R,97 min,"Action, Crime, Drama",5.8,36,"30,132"
85.Armored(2009),PG-13,88 min,"Action, Crime, Thriller",5.7,50,"28,476"
86.Zatôichi(2003),R,116 min,"Action, Comedy, Crime",7.6,75,"44,650"
87.Memphis Belle(1990),,107 min,"Action, Drama, War",6.9,No,"25,057"
88.The Pink Panther 2(2009),PG,92 min,"Action, Adventure, Comedy",5.6,36,"38,701"
89.Antitrust(2001),PG-13,105 min,"Action, Crime, Drama",6.1,31,"27,270"
90.Cowboy Bebop: Tengoku no tobira(2001),,115 min,"Animation, Action, Crime",7.9,61,"38,497"
91.Thick as Thieves(I) (2009),R,104 min,"Action, Crime, Thriller",6.0,No,"31,777"
92.Joheunnom nabbeunnom isanghannom(2008),R,139 min,"Action, Adventure, Western",7.3,69,"30,347"
93.Der Baader Meinhof Komplex(2008),R,150 min,"Action, Biography, Crime",7.4,76,"33,286"
94.Ngo si seoi(1998),PG-13,120 min,"Action, Adventure, Comedy",6.8,No,"33,256"
95.Main Hoon Na(2004),,179 min,"Action, Comedy, Drama",7.0,No,"28,954"
96.Race 3(2018),,160 min,"Action, Thriller",2.1,No,"28,386"
97.Wasabi(2001),R,94 min,"Action, Drama, Comedy",6.7,53,"34,045"
98.Bajrangi Bhaijaan(2015),,163 min,"Action, Comedy, Drama",8.0,No,"62,491"
99.Sultan(2016),,170 min,"Action, Drama, Sport",7.1,No,"32,711"
00.Nochnoy dozor(2004),R,114 min,"Action, Fantasy, Horror",6.5,58,"50,366"
01.Universal Soldier: The Return(1999),R,83 min,"Action, Sci-Fi",4.2,24,"26,377"
02.Baiohazâdo: Dijenerêshon(2008),R,97 min,"Animation, Action, Horror",6.5,No,"27,359"
03.Hollywood Homicide(2003),PG-13,116 min,"Action, Comedy, Crime",5.3,47,"34,093"
04.Escape from the Planet of the Apes(1971),,98 min,"Action, Sci-Fi",6.3,69,"29,018"
05.Fainaru fantajî sebun adobento chirudoren(2005),PG-13,101 min,"Animation, Action, Adventure",7.3,No,"52,999"
06.Fighting(2009),PG-13,105 min,"Action, Drama, Sport",5.6,61,"30,478"
07.Sherlock Jr.(1924),,45 min,"Action, Comedy, Romance",8.2,No,"32,172"
08.Showtime(2002),PG-13,95 min,"Action, Comedy, Crime",5.5,32,"57,237"
09.Vampire Hunter D: Bloodlust(2000),R,103 min,"Animation, Action, Fantasy",7.7,62,"26,491"
10.Jui kuen II(1994),R,102 min,"Action, Comedy",7.6,74,"39,668"
11.L'instinct de mort(2008),R,113 min,"Action, Biography, Crime",7.6,71,"29,886"
12.Another 48 Hrs.(1990),,93 min,"Action, Comedy, Crime",5.8,23,"35,065"
13.Don(I) (2006),,171 min,"Action, Crime, Thriller",7.2,No,"31,497"
14.Battle for the Planet of the Apes(1973),,93 min,"Action, Sci-Fi",5.5,40,"26,659"
15.The Tournament(2009),R,95 min,"Action, Thriller",6.1,No,"32,847"
16.Dhoom:3(2013),,172 min,"Action, Thriller",5.4,61,"40,113"
17.Taegukgi hwinalrimyeo(2004),R,140 min,"Action, Drama, War",8.1,64,"35,454"
18.Money Talks(1997),R,97 min,"Action, Comedy, Crime",6.2,No,"25,876"
19.Spartan(2004),R,106 min,"Action, Crime, Drama",6.6,60,"28,182"
20.Om Shanti Om(2007),,162 min,"Action, Drama, Musical",6.7,No,"34,818"
21.Taxi 2(2000),,88 min,"Action, Comedy, Crime",6.5,No,"47,113"
22.12 Rounds(2009),PG-13,108 min,"Action, Crime, Thriller",5.6,38,"25,657"
23.JCVD(2008),R,97 min,"Action, Comedy, Crime",7.2,64,"36,011"
24.Raees(2017),,143 min,"Action, Crime, Drama",6.9,No,"36,326"
25.Dilwale(2015),,158 min,"Action, Comedy, Romance",5.2,No,"28,614"
26.Sanjuro(1962),,96 min,"Action, Crime, Drama",8.1,No,"27,312"
27.Nick of Time(1995),R,90 min,"Action, Crime, Drama",6.3,No,"36,391"
28.Conquest of the Planet of the Apes(1972),,88 min,"Action, Sci-Fi",6.1,49,"27,691"
29.Jodhaa Akbar(2008),,213 min,"Action, Drama, History",7.6,69,"26,452"
30.Bangkok Dangerous(2008),R,99 min,"Action, Crime, Thriller",5.4,24,"52,557"
31.Gunday(2014),,152 min,"Action, Drama, Romance",2.2,No,"56,244"
32.Dnevnoy dozor(2006),R,132 min,"Action, Fantasy, Horror",6.5,59,"32,027"
33.Paan Singh Tomar(2012),,135 min,"Action, Biography, Crime",8.2,No,"29,034"
34.Yip Man chin chyun(2010),,100 min,"Action, Biography, Drama",7.1,No,"29,242"
35.Taxi 3(2003),,84 min,"Action, Comedy, Crime",5.8,No,"36,999"
36.Mic Macs à Tire-Larigot(2009),R,105 min,"Action, Comedy, Crime",7.2,62,"27,320"
37.Happy New Year(I) (2014),,180 min,"Action, Comedy, Music",5.1,No,"31,257"
38.Chennai Express(2013),,141 min,"Action, Comedy",6.0,45,"44,327"
39.L'ennemi public n°1(2008),R,133 min,"Action, Biography, Crime",7.5,72,"26,469"
40.Ra.One(2011),,156 min,"Action, Adventure, Sci-Fi",4.8,60,"35,351"
41.The Art of War(2000),R,117 min,"Action, Adventure, Crime",5.7,30,"27,278"
42.Fan(I) (2016),,138 min,"Action, Drama, Thriller",7.1,No,"38,657"
43.Waar(2013),,130 min,"Action, Crime, Thriller",8.1,No,"28,888"
44.Fetih 1453(2012),,162 min,"Action, Drama, History",7.1,No,"54,490"
45.Ong Bak 2(2008),R,98 min,Action,6.2,47,"27,524"
46.Sholay(1975),,198 min,"Action, Adventure, Comedy",8.2,No,"45,822"
47.1 - Nenokkadine(2014),,170 min,"Action, Mystery, Thriller",8.3,No,"40,847"
48.Nefes: Vatan Sagolsun(2009),,128 min,"Action, Drama, Thriller",8.1,No,"29,325"
49.Ek Tha Tiger(2012),,132 min,"Action, Romance, Thriller",5.5,No,"25,997"
50.Redirected(2014),,99 min,"Action, Comedy, Crime",6.7,No,"32,564"
